sideb,sideb_full,country_primary,sidea,sideb_id,NSAdyad_id,frontline_prev_best,frontline_prev_low,frontline_prev_high,frontline,noncombat_prev_best,noncombat_prev_low,noncombat_prev_high,noncombat,lead_prev_best,lead_prev_low,lead_prev_high,lead,participation,founders,wwing,wwing_frontline,wwing_noncombat,noncombat_clandestine,noncombat_outreach,noncombat_logistics,lead_military,lead_noncombat,coalition,low_information
ABSDF,All-Burma Students Democratic Front,Myanmar (Burma),Government of Myanmar (Burma),185.0,322.0,2.0,1.0,3.0,1.0,4.0,3.0,4.0,1.0,3.0,2.0,3.0,1.0,1,0.0,1.0,0.0,1.0,0.0,1.0,1.0,0.0,1.0,0,0.0
ABSU,All Bodo Students Union,India,Government of India,362.0,309.0,1.0,1.0,2.0,1.0,4.0,3.0,4.0,1.0,2.0,2.0,2.0,1.0,1,0.0,1.0,0.0,1.0,0.0,1.0,1.0,0.0,1.0,0,0.0
ADF,Alliance of Democratic Forces,Uganda,Government of Uganda,489.0,153.0,2.0,2.0,3.0,1.0,3.0,3.0,3.0,1.0,2.0,1.0,2.0,1.0,1,0.0,0.0,0.0,0.0,1.0,1.0,1.0,1.0,1.0,0,0.0
AFDL,Alliance of Democratic Forces for the Liberation of Congo-Kinshasa,DR Congo (Zaire),Government of DR Congo (Zaire),422.0,39.0,0.0,0.0,0.0,1.0,0.0,0.0,0.0,1.0,0.0,0.0,0.0,0.0,1,0.0,0.0,0.0,0.0,0.0,0.0,1.0,0.0,0.0,0,1.0
AFRC,Armed Forces Revolutionary Council,Sierra Leone,Government of Sierra Leone,533.0,131.0,2.0,2.0,2.0,1.0,2.0,2.0,2.0,1.0,0.0,0.0,0.0,0.0,1,0.0,0.0,0.0,0.0,1.0,0.0,1.0,0.0,0.0,0,0.0
Ahlul Sunnah wal Jamaa,Followers of the Prophet,Nigeria,Government of Nigeria,559.0,446.0,0.0,0.0,0.0,0.0,0.0,0.0,0.0,0.0,0.0,0.0,0.0,0.0,0,0.0,0.0,0.0,0.0,0.0,0.0,0.0,0.0,0.0,0,0.27848101265822783
AIAI,Islamic Unity,Ethiopia,Government of Ethiopia,542.0,283.0,0.0,0.0,0.0,0.0,0.0,0.0,0.0,0.0,0.0,0.0,0.0,0.0,0,0.0,0.0,0.0,0.0,0.0,0.0,0.0,0.0,0.0,0,0.27848101265822783
AIS/FIS,Armed Islamic Movement,Algeria,Government of Algeria,537.0,1.0,0.0,0.0,0.0,0.0,0.0,0.0,0.0,0.0,0.0,0.0,0.0,0.0,0,0.0,0.0,0.0,0.0,0.0,0.0,0.0,0.0,0.0,0,0.27848101265822783
al-Gama'a al-Islamiyya,Islamic Group,Egypt,Government of Egypt,341.0,241.0,0.0,0.0,0.0,0.0,0.0,0.0,0.0,0.0,0.0,0.0,0.0,0.0,0,0.0,0.0,0.0,0.0,0.0,0.0,0.0,0.0,0.0,0,0.27848101265822783
al-Mahdi Army,al-Mahdi Army,Iraq,Government of Iraq,5659.0,442.0,2.0,1.0,2.0,1.0,2.0,2.0,2.0,1.0,0.0,0.0,0.0,0.0,1,0.0,1.0,1.0,0.0,0.0,1.0,1.0,0.0,0.0,0,0.0
al-Murabitun,al-Murabitun,Mali,Government of Mali,4376.0,12582.0,0.0,0.0,0.0,0.0,0.0,0.0,0.0,0.0,0.0,0.0,0.0,0.0,0,0.0,0.0,0.0,0.0,0.0,0.0,0.0,0.0,0.0,0,0.27848101265822783
al-Qaida,al-Qaida,United States of America,Government of United States of America,769.0,360.0,2.0,2.0,2.0,1.0,3.0,3.0,4.0,1.0,1.0,0.0,1.0,1.0,1,0.0,1.0,1.0,0.0,0.0,1.0,1.0,1.0,0.0,0,0.0
al-Shabaab,al-Shabaab,Somalia,Government of Somalia,717.0,770.0,1.0,1.0,1.0,1.0,4.0,3.0,4.0,1.0,1.0,1.0,1.0,1.0,1,0.0,1.0,0.0,1.0,1.0,1.0,1.0,1.0,0.0,0,0.0
ALF,Afar Liberation Front,Ethiopia,Government of Ethiopia,519.0,51.0,0.0,0.0,0.0,0.0,0.0,0.0,0.0,0.0,0.0,0.0,0.0,0.0,0,0.0,0.0,0.0,0.0,0.0,0.0,0.0,0.0,0.0,0,0.27848101265822783
ALiR,Army for the Liberation of Rwanda,Rwanda,Government of Rwanda,1128.0,128.0,2.0,2.0,3.0,1.0,2.0,2.0,3.0,1.0,2.0,2.0,3.0,1.0,1,0.0,0.0,0.0,0.0,1.0,0.0,1.0,1.0,0.0,0,0.0
ALP,Arakan Liberation Party,Myanmar (Burma),Government of Myanmar (Burma),1048.0,795.0,0.0,0.0,3.0,0.0,3.0,3.0,3.0,1.0,1.0,1.0,2.0,1.0,1,0.0,0.0,0.0,0.0,0.0,0.0,1.0,0.0,1.0,0,1.0
Amal Movement,Amal Movement,Lebanon,Government of Lebanon,239.0,724.0,1.0,1.0,2.0,1.0,4.0,3.0,4.0,1.0,0.0,0.0,0.0,1.0,1,0.0,1.0,0.0,1.0,1.0,1.0,1.0,0.0,1.0,1,0.0
AN,National Alliance,Chad,Government of Chad,716.0,767.0,0.0,0.0,0.0,0.0,0.0,0.0,0.0,0.0,0.0,0.0,0.0,0.0,0,0.0,0.0,0.0,0.0,0.0,0.0,0.0,0.0,0.0,0,0.27848101265822783
ANC,African National Congress,South Africa,Government of South Africa,513.0,558.0,2.0,2.0,4.0,1.0,4.0,4.0,4.0,1.0,3.0,3.0,4.0,1.0,1,0.0,1.0,0.0,1.0,1.0,1.0,1.0,1.0,1.0,0,0.0
ANLP,Arakan National Liberation Party,Myanmar (Burma),Government of Myanmar (Burma),1049.0,801.0,0.0,0.0,0.0,0.0,0.0,0.0,0.0,0.0,0.0,0.0,0.0,0.0,0,0.0,0.0,0.0,0.0,0.0,0.0,0.0,0.0,0.0,0,0.27848101265822783
Ansar al-Islam,Ansar al-Islam,Iraq,Government of Iraq,233.0,443.0,2.0,1.0,2.0,1.0,0.0,0.0,0.0,1.0,0.0,0.0,0.0,0.0,1,0.0,0.0,0.0,0.0,0.0,1.0,1.0,0.0,0.0,0,0.0
Ansar Bayt al-Maqdis,Ansar Bayt al-Maqdis,Egypt,Government of Egypt,4319.0,877.0,0.0,0.0,0.0,0.0,0.0,0.0,0.0,0.0,0.0,0.0,0.0,0.0,0,0.0,0.0,0.0,0.0,0.0,0.0,0.0,0.0,0.0,0,0.27848101265822783
Ansar Dine,Ansar Dine,Mali,Government of Mali,1157.0,835.0,0.0,0.0,0.0,0.0,0.0,0.0,0.0,0.0,0.0,0.0,0.0,0.0,0,0.0,0.0,0.0,0.0,0.0,0.0,0.0,0.0,0.0,0,0.27848101265822783
Ansarallah,Ansarallah,Yemen (North Yemen),Government of Yemen (North Yemen),1091.0,10855.0,1.0,1.0,2.0,1.0,3.0,2.0,3.0,1.0,2.0,1.0,2.0,1.0,1,0.0,1.0,0.0,1.0,1.0,1.0,1.0,1.0,1.0,0,0.0
anti-Balaka,anti-Balaka,Central African Republic,Government of Central African Republic,4201.0,12380.0,2.0,1.0,2.0,1.0,2.0,2.0,3.0,1.0,0.0,0.0,0.0,0.0,1,0.0,0.0,0.0,0.0,0.0,0.0,1.0,0.0,0.0,0,0.0
APCLS,Alliance of Patriots for a Free and Sovereign Congo,DR Congo (Zaire),Government of DR Congo (Zaire),1200.0,858.0,0.0,0.0,0.0,0.0,1.0,1.0,2.0,1.0,0.0,0.0,0.0,0.0,1,0.0,0.0,0.0,0.0,0.0,0.0,1.0,0.0,0.0,0,0.0
APCO,Arab Political and Cultural Organization,Iran,Government of Iran,311.0,546.0,0.0,0.0,0.0,0.0,0.0,0.0,0.0,0.0,0.0,0.0,0.0,0.0,0,0.0,0.0,0.0,0.0,0.0,0.0,0.0,0.0,0.0,0,0.27848101265822783
APF/PFA,Azerbaijani Popular Front,Russia (Soviet Union),Government of Russia (Soviet Union),331.0,373.0,0.0,0.0,0.0,1.0,0.0,0.0,0.0,1.0,0.0,0.0,0.0,0.0,1,1.0,1.0,0.0,1.0,0.0,1.0,0.0,0.0,0.0,0,0.0
AQAP,al-Qaida in the Arabian Peninsula,Yemen (North Yemen),Government of Yemen (North Yemen),881.0,784.0,2.0,1.0,2.0,1.0,2.0,2.0,3.0,1.0,0.0,0.0,0.0,0.0,1,0.0,0.0,0.0,0.0,0.0,1.0,0.0,0.0,0.0,0,0.0
AQIM,al-Qaida in the Islamic Maghreb,Algeria,Government of Algeria,539.0,4.0,1.0,0.0,1.0,1.0,0.0,0.0,0.0,0.0,0.0,0.0,0.0,0.0,1,0.0,0.0,0.0,0.0,0.0,0.0,0.0,0.0,0.0,0,0.0
ARDUF,Afar Revolutionary Democratic Unity Front,Ethiopia,Government of Ethiopia,520.0,52.0,0.0,0.0,0.0,0.0,0.0,0.0,0.0,0.0,0.0,0.0,0.0,0.0,0,0.0,0.0,0.0,0.0,0.0,0.0,0.0,0.0,0.0,0,0.27848101265822783
ARS/UIC,Alliance for the Re-liberation of Somalia/Islamic Courts Union,Somalia,Government of Somalia,505.0,632.0,0.0,0.0,0.0,0.0,0.0,0.0,0.0,0.0,0.0,0.0,0.0,0.0,0,0.0,0.0,0.0,0.0,0.0,0.0,0.0,0.0,0.0,0,0.27848101265822783
ASG,Abu Sayyaf Group,Philippines,Government of Philippines,277.0,249.0,1.0,1.0,1.0,1.0,2.0,2.0,2.0,1.0,0.0,0.0,0.0,0.0,1,0.0,0.0,0.0,0.0,1.0,1.0,1.0,0.0,0.0,0,0.0
ATNMC,North Mali Tuareg Alliance for Change ,Mali,Government of Mali,523.0,650.0,0.0,0.0,0.0,0.0,0.0,0.0,0.0,0.0,0.0,0.0,0.0,0.0,0,0.0,0.0,0.0,0.0,0.0,0.0,0.0,0.0,0.0,0,0.27848101265822783
ATTF,All Tripura Tiger Force,India,Government of India,306.0,262.0,0.0,0.0,0.0,1.0,0.0,0.0,0.0,1.0,0.0,0.0,0.0,0.0,1,0.0,0.0,0.0,0.0,1.0,1.0,1.0,0.0,0.0,0,1.0
Autonomous Province of Western Bosnia,Autonomous Province of Western Bosnia,Bosnia-Herzegovina,Government of Bosnia-Herzegovina,349.0,294.0,0.0,0.0,0.0,0.0,0.0,0.0,0.0,0.0,0.0,0.0,0.0,0.0,0,0.0,0.0,0.0,0.0,0.0,0.0,0.0,0.0,0.0,0,0.27848101265822783
Baloch Ittehad,Baloch Unity,Pakistan,Government of Pakistan,288.0,638.0,0.0,0.0,0.0,0.0,0.0,0.0,0.0,0.0,0.0,0.0,0.0,0.0,0,0.0,0.0,0.0,0.0,0.0,0.0,0.0,0.0,0.0,0,0.27848101265822783
Bandera Roja,Red Flag,Venezuela,Government of Venezuela,741.0,778.0,0.0,0.0,0.0,1.0,0.0,0.0,0.0,1.0,0.0,0.0,0.0,0.0,1,1.0,0.0,0.0,0.0,0.0,0.0,1.0,0.0,0.0,0,0.0
BDK,Kingdom of Kongo,DR Congo (Zaire),Government of DR Congo (Zaire),561.0,651.0,0.0,0.0,0.0,0.0,2.0,2.0,3.0,1.0,0.0,0.0,0.0,0.0,1,0.0,0.0,0.0,0.0,0.0,0.0,1.0,0.0,0.0,0,1.0
BIFM,Bangsamoro Islamic Freedom Movement,Philippines,Government of Philippines,1146.0,834.0,0.0,0.0,0.0,0.0,0.0,0.0,0.0,0.0,0.0,0.0,0.0,0.0,0,0.0,0.0,0.0,0.0,0.0,0.0,0.0,0.0,0.0,0,0.27848101265822783
BLA,Balochistan Liberation Army,Pakistan,Government of Pakistan,287.0,639.0,0.0,0.0,0.0,0.0,0.0,0.0,0.0,0.0,0.0,0.0,0.0,0.0,0,0.0,0.0,0.0,0.0,0.0,0.0,0.0,0.0,0.0,0,0.27848101265822783
BLF,Balochistan Liberation Front,Pakistan,Government of Pakistan,1166.0,544.0,0.0,0.0,0.0,0.0,0.0,0.0,0.0,0.0,0.0,0.0,0.0,0.0,0,0.0,0.0,0.0,0.0,0.0,0.0,0.0,0.0,0.0,0,0.27848101265822783
BMA,Beik Mon Army,Myanmar (Burma),Government of Myanmar (Burma),191.0,326.0,0.0,0.0,0.0,0.0,0.0,0.0,0.0,0.0,0.0,0.0,0.0,0.0,0,0.0,0.0,0.0,0.0,0.0,0.0,0.0,0.0,0.0,0,0.27848101265822783
Boko Haram,Group of the People of Sunnah for Dawah and Jihad,Nigeria,Government of Nigeria,1051.0,793.0,2.0,2.0,2.0,1.0,3.0,2.0,3.0,1.0,0.0,0.0,0.0,0.0,1,0.0,1.0,0.0,1.0,1.0,1.0,1.0,0.0,0.0,0,0.0
BRA,Bougainville Revolutionary Army,Papua New Guinea,Government of Papua New Guinea,328.0,337.0,0.0,0.0,0.0,0.0,3.0,3.0,4.0,1.0,2.0,1.0,2.0,1.0,1,0.0,1.0,0.0,1.0,1.0,1.0,1.0,0.0,1.0,0,0.0
BRA,Balochistan Republican Army,Pakistan,Government of Pakistan,289.0,774.0,0.0,0.0,0.0,1.0,0.0,0.0,0.0,1.0,0.0,0.0,0.0,1.0,1,0.0,1.0,1.0,0.0,0.0,1.0,0.0,0.0,1.0,0,1.0
CCO,Clandestine Communist Organization,Malaysia,Government of Malaysia,264.0,586.0,3.0,2.0,3.0,1.0,3.0,2.0,3.0,1.0,0.0,0.0,0.0,0.0,1,0.0,0.0,0.0,0.0,0.0,0.0,1.0,0.0,0.0,0,1.0
CDR,Revolutionary Democratic Council,Chad,Government of Chad,455.0,664.0,0.0,0.0,0.0,0.0,0.0,0.0,0.0,0.0,0.0,0.0,0.0,0.0,0,0.0,0.0,0.0,0.0,0.0,0.0,0.0,0.0,0.0,0,0.27848101265822783
Chechen Republic of Ichkeria,Chechen Republic of Ichkeria (Republic of Chechnya),Russia (Soviet Union),Government of Russia (Soviet Union),352.0,348.0,2.0,2.0,3.0,1.0,2.0,2.0,3.0,1.0,1.0,1.0,1.0,1.0,1,0.0,0.0,0.0,0.0,0.0,1.0,1.0,0.0,1.0,0,0.0
CMA,Coalition for Azawad Movements,Mali,Government of Mali,1158.0,836.0,1.0,1.0,2.0,1.0,3.0,2.0,3.0,1.0,2.0,2.0,3.0,1.0,1,0.0,0.0,0.0,0.0,1.0,1.0,1.0,0.0,1.0,0,0.0
CNDD-FDD,National Council for the Defense of Democracy- Forces for the Defense of Democracy,Burundi,Government of Burundi,434.0,14.0,2.0,1.0,2.0,1.0,3.0,2.0,3.0,1.0,2.0,2.0,3.0,1.0,1,0.0,1.0,0.0,1.0,1.0,1.0,1.0,1.0,1.0,0,0.0
CNDP,National Congress for the Defence of the People,DR Congo (Zaire),Government of DR Congo (Zaire),426.0,646.0,0.0,0.0,0.0,1.0,0.0,0.0,0.0,0.0,0.0,0.0,0.0,0.0,1,0.0,0.0,0.0,0.0,0.0,0.0,0.0,0.0,0.0,0,1.0
CNL,National Liberation Council,DR Congo (Zaire),Government of DR Congo (Zaire),419.0,679.0,0.0,0.0,0.0,0.0,0.0,0.0,0.0,0.0,0.0,0.0,0.0,0.0,0,0.0,0.0,0.0,0.0,0.0,0.0,0.0,0.0,0.0,0,0.27848101265822783
CNR,National Council for Recovery,Chad,Government of Chad,447.0,22.0,0.0,0.0,0.0,0.0,0.0,0.0,0.0,0.0,0.0,0.0,0.0,0.0,0,0.0,0.0,0.0,0.0,0.0,0.0,0.0,0.0,0.0,0,0.27848101265822783
Cobras,Cobras,Congo,Government of Congo,545.0,189.0,0.0,0.0,0.0,0.0,0.0,0.0,0.0,0.0,0.0,0.0,0.0,0.0,0,0.0,0.0,0.0,0.0,0.0,0.0,0.0,0.0,0.0,0,0.27848101265822783
Cocoyes,Cocoyes,Congo,Government of Congo,547.0,37.0,0.0,0.0,0.0,0.0,0.0,0.0,0.0,0.0,0.0,0.0,0.0,0.0,0,0.0,0.0,0.0,0.0,0.0,0.0,0.0,0.0,0.0,0,0.27848101265822783
Contras/FDN,Contras/Nicaraguan Democratic Forces,Nicaragua,Government of Nicaragua,759.0,231.0,3.0,2.0,3.0,1.0,4.0,4.0,4.0,1.0,2.0,2.0,3.0,1.0,1,0.0,0.0,0.0,0.0,1.0,1.0,1.0,1.0,1.0,0,0.0
CPA,Communist Party of Arakan,Myanmar (Burma),Government of Myanmar (Burma),1052.0,802.0,0.0,0.0,0.0,0.0,0.0,0.0,0.0,0.0,0.0,0.0,0.0,0.0,0,0.0,0.0,0.0,0.0,0.0,0.0,0.0,0.0,0.0,0,0.27848101265822783
CPB,Communist Party of Burma,Myanmar (Burma),Government of Myanmar (Burma),182.0,305.0,2.0,2.0,3.0,1.0,3.0,3.0,4.0,1.0,2.0,2.0,3.0,1.0,1,0.0,1.0,0.0,1.0,0.0,1.0,1.0,0.0,1.0,0,0.0
CPB- RF,Communist Party of Burma- Red Flag,Myanmar (Burma),Government of Myanmar (Burma),183.0,677.0,0.0,0.0,0.0,0.0,0.0,0.0,0.0,0.0,0.0,0.0,0.0,0.0,0,0.0,0.0,0.0,0.0,0.0,0.0,0.0,0.0,0.0,0,0.27848101265822783
CPI-Maoist,Communist Party of India- Maoist,India,Government of India,195.0,451.0,4.0,4.0,4.0,1.0,4.0,4.0,4.0,1.0,3.0,2.0,4.0,1.0,1,0.0,1.0,1.0,1.0,1.0,1.0,1.0,1.0,1.0,0,0.0
CPI-ML,Communist Party of India- Marxist-Leninist,India,Government of India,192.0,690.0,0.0,0.0,0.0,0.0,0.0,0.0,0.0,1.0,0.0,0.0,0.0,1.0,1,0.0,1.0,0.0,1.0,0.0,1.0,1.0,0.0,1.0,0,0.0
CPI-ML-J,Communist Party of India- Marxist-Leninist-Janashakti,India,Government of India,3946.0,11932.0,0.0,0.0,0.0,1.0,0.0,0.0,0.0,0.0,0.0,0.0,0.0,1.0,1,0.0,0.0,0.0,0.0,0.0,0.0,0.0,1.0,0.0,0,0.0
CPJP,Convention of Patriots for Justice and Peace,Central African Republic,Government of Central African Republic,1053.0,782.0,0.0,0.0,0.0,0.0,0.0,0.0,0.0,0.0,0.0,0.0,0.0,0.0,0,0.0,0.0,0.0,0.0,0.0,0.0,0.0,0.0,0.0,0,0.27848101265822783
CPN-M,Communist Party of Nepal- Maoist,Nepal,Government of Nepal,258.0,349.0,4.0,3.0,4.0,1.0,4.0,4.0,4.0,1.0,4.0,3.0,4.0,1.0,1,0.0,1.0,1.0,1.0,1.0,1.0,1.0,1.0,1.0,0,0.0
CPP/NPA,Communist Party of the Philippines/New People's Army,Philippines,Government of Philippines,169.0,217.0,3.0,3.0,4.0,1.0,4.0,4.0,4.0,1.0,4.0,3.0,4.0,1.0,1,0.0,1.0,1.0,1.0,0.0,1.0,1.0,1.0,1.0,0,0.0
CPT,Communist Party of Thailand,Thailand,Government of Thailand,216.0,599.0,4.0,3.0,4.0,1.0,4.0,3.0,4.0,1.0,0.0,0.0,0.0,1.0,1,0.0,0.0,0.0,0.0,0.0,1.0,1.0,0.25956284153005466,0.38524590163934425,0,0.0
CRA,Coordination of the Armed Resistance,Niger,Government of Niger,525.0,111.0,0.0,0.0,0.0,0.0,0.0,0.0,0.0,0.0,0.0,0.0,0.0,0.0,0,0.0,0.0,0.0,0.0,0.0,0.0,0.0,0.0,0.0,0,0.27848101265822783
Croatian Republic of Bosnia-Herzegovina,Croatian Republic of Bosnia-Herzegovina,Bosnia-Herzegovina,Government of Bosnia-Herzegovina,350.0,293.0,0.0,0.0,0.0,1.0,0.0,0.0,0.0,0.0,0.0,0.0,0.0,0.0,1,0.0,0.0,0.0,0.0,0.0,0.0,0.0,0.0,0.0,0,1.0
CSNPD,Committee of National Revival for Peace and Democracy,Chad,Government of Chad,448.0,21.0,0.0,0.0,0.0,0.0,0.0,0.0,0.0,0.0,0.0,0.0,0.0,0.0,0,0.0,0.0,0.0,0.0,0.0,0.0,0.0,0.0,0.0,0,0.27848101265822783
Darfur Joint Resistance Forces,Darfur Joint Resistance Forces,Sudan,Government of Sudan,5866.0,14150.0,0.0,0.0,0.0,0.0,0.0,0.0,0.0,0.0,0.0,0.0,0.0,0.0,0,0.0,0.0,0.0,0.0,0.0,0.0,0.0,0.0,0.0,0,0.27848101265822783
Democratic Republic of Yemen,Democratic Republic of Yemen,Yemen (North Yemen),Government of Yemen (North Yemen),353.0,375.0,0.0,0.0,0.0,0.0,0.0,0.0,0.0,0.0,0.0,0.0,0.0,0.0,0,0.0,0.0,0.0,0.0,0.0,0.0,0.0,0.0,0.0,0,0.27848101265822783
DHKP-C/Devrimci Sol,Revolutionary Left,Turkey,Government of Turkey,334.0,330.0,4.0,3.0,4.0,1.0,3.0,3.0,4.0,1.0,0.0,0.0,0.0,1.0,1,0.0,1.0,0.0,1.0,0.0,1.0,1.0,1.0,1.0,0,0.0
DKBA5,Democratic Karen Buddhist Army Brigade 5,Myanmar (Burma),Government of Myanmar (Burma),1107.0,805.0,0.0,0.0,0.0,0.0,0.0,0.0,0.0,0.0,0.0,0.0,0.0,0.0,0,0.0,0.0,0.0,0.0,0.0,0.0,0.0,0.0,0.0,0,0.27848101265822783
Donetsk People's Republic,Donetsk People's Republic,Ukraine,Government of Ukraine,5840.0,14124.0,2.0,1.0,2.0,1.0,2.0,2.0,3.0,1.0,1.0,1.0,2.0,1.0,1,0.0,1.0,1.0,0.0,0.0,1.0,1.0,1.0,0.0,0,0.0
EDU,Ethiopian Democratic Union,Ethiopia,Government of Ethiopia,411.0,754.0,0.0,0.0,0.0,0.0,0.0,0.0,0.0,0.0,0.0,0.0,0.0,0.0,0,0.0,0.0,0.0,0.0,0.0,0.0,0.0,0.0,0.0,0,0.27848101265822783
EGP,Guerilla Army of the Poor,Guatemala,Government of Guatemala,730.0,625.0,3.0,3.0,4.0,1.0,4.0,3.0,4.0,1.0,2.0,2.0,3.0,1.0,1,1.0,0.0,0.0,0.0,1.0,1.0,1.0,1.0,1.0,1,0.0
EIJM - AS,Eritrean Islamic Jihad Movement- Abu Suhail faction,Eritrea,Government of Eritrea,495.0,435.0,0.0,0.0,0.0,0.0,0.0,0.0,0.0,0.0,0.0,0.0,0.0,0.0,0,0.0,0.0,0.0,0.0,0.0,0.0,0.0,0.0,0.0,0,0.27848101265822783
ELF,Eritrean Liberation Front,Ethiopia,Government of Ethiopia,415.0,667.0,1.0,1.0,1.0,1.0,3.0,2.0,3.0,1.0,1.0,1.0,1.0,1.0,1,0.0,1.0,0.0,1.0,1.0,1.0,1.0,0.0,1.0,0,0.0
ELN,National Liberation Army,Colombia,Government of Colombia,744.0,342.0,4.0,3.0,4.0,1.0,4.0,4.0,4.0,1.0,3.0,2.0,4.0,1.0,1,1.0,1.0,0.0,1.0,1.0,1.0,1.0,1.0,1.0,0,0.0
ELN,National Liberation Army,Bolivia,Government of Bolivia,721.0,464.0,1.0,1.0,2.0,1.0,2.0,2.0,3.0,1.0,2.0,2.0,2.0,1.0,1,0.0,0.0,0.0,0.0,1.0,1.0,1.0,1.0,1.0,0,0.0
ELN,National Liberation Army,Peru,Government of Peru,748.0,500.0,0.0,0.0,0.0,0.0,0.0,0.0,0.0,0.0,0.0,0.0,0.0,0.0,0,0.0,0.0,0.0,0.0,0.0,0.0,0.0,0.0,0.0,0,0.27848101265822783
EPDM,Ethiopian People's Democratic Movement,Ethiopia,Government of Ethiopia,412.0,47.0,0.0,0.0,0.0,0.0,0.0,0.0,0.0,0.0,0.0,0.0,0.0,0.0,0,0.0,0.0,0.0,0.0,0.0,0.0,0.0,0.0,0.0,0,0.27848101265822783
EPL,People's Liberation Army,Colombia,Government of Colombia,746.0,343.0,4.0,3.0,4.0,1.0,4.0,4.0,4.0,1.0,0.0,0.0,0.0,1.0,1,0.0,0.0,0.0,0.0,1.0,1.0,1.0,0.0,1.0,0,0.0
EPLF,Eritrean People's Liberation Front,Ethiopia,Government of Ethiopia,416.0,53.0,4.0,3.0,4.0,1.0,4.0,4.0,4.0,1.0,3.0,2.0,3.0,1.0,1,0.0,1.0,0.0,1.0,1.0,1.0,1.0,1.0,1.0,0,0.0
EPR,Popular Revolutionary Army,Mexico,Government of Mexico,768.0,299.0,0.0,0.0,0.0,1.0,0.0,0.0,0.0,1.0,0.0,0.0,0.0,1.0,1,0.0,0.0,0.0,0.0,0.0,1.0,0.0,1.0,0.0,0,0.0
EPRDF,Ethiopian People's Revolutionary Democratic Front,Ethiopia,Government of Ethiopia,414.0,48.0,4.0,4.0,4.0,1.0,4.0,4.0,4.0,1.0,3.0,3.0,4.0,1.0,1,0.0,1.0,1.0,1.0,1.0,1.0,1.0,1.0,1.0,0,0.0
EPRLF,Eelam People's Revolutionary Liberation Front,Sri Lanka,Government of Sri Lanka,322.0,687.0,2.0,2.0,3.0,1.0,4.0,3.0,4.0,1.0,0.0,0.0,0.0,0.0,1,0.0,1.0,0.0,1.0,0.0,1.0,1.0,0.0,0.0,0,0.0
EPRP,Ethiopian People's Revolutionary Party,Ethiopia,Government of Ethiopia,409.0,50.0,1.0,1.0,2.0,1.0,4.0,4.0,4.0,1.0,2.0,1.0,2.0,1.0,1,0.0,1.0,0.0,1.0,0.0,1.0,1.0,0.0,1.0,0,0.0
ERP,People's Revolutionary Army,El Salvador,Government of El Salvador,753.0,510.0,4.0,4.0,4.0,1.0,4.0,4.0,4.0,1.0,4.0,4.0,4.0,1.0,1,0.0,1.0,0.0,1.0,0.0,1.0,1.0,1.0,1.0,1,0.0
ERP,People's Revolutionary Army,Argentina,Government of Argentina,738.0,594.0,2.0,2.0,2.0,1.0,4.0,4.0,4.0,1.0,3.0,2.0,3.0,1.0,1,0.0,1.0,0.0,1.0,0.0,1.0,1.0,0.0,1.0,0,0.0
ETA,Basque Homeland and Liberty,Spain,Government of Spain,313.0,366.0,2.0,2.0,2.0,1.0,3.0,3.0,3.0,1.0,2.0,1.0,2.0,1.0,1,0.0,0.0,0.0,0.0,0.0,1.0,1.0,1.0,1.0,0,0.0
ETIM/TIP,East Turkestan Islamic Movement/Turkistan Islamic Party,China,Government of China,1156.0,830.0,1.0,1.0,2.0,1.0,0.0,0.0,0.0,1.0,0.0,0.0,0.0,0.0,1,0.0,0.0,0.0,0.0,0.0,0.0,1.0,0.0,0.0,0,1.0
EZLN,Zapatista National Liberation Army,Mexico,Government of Mexico,767.0,230.0,4.0,4.0,4.0,1.0,4.0,4.0,4.0,1.0,4.0,4.0,4.0,1.0,1,1.0,1.0,0.0,1.0,1.0,1.0,1.0,1.0,1.0,0,0.0
FAN,Armed Forces of the North,Chad,Government of Chad,438.0,660.0,0.0,0.0,0.0,0.0,0.0,0.0,0.0,0.0,0.0,0.0,0.0,0.0,1,,,,,,,,0.25956284153005466,0.38524590163934425,0,1.0
FAP,People's Armed Forces,Chad,Government of Chad,439.0,661.0,1.0,1.0,1.0,1.0,0.0,0.0,0.0,0.0,0.0,0.0,0.0,0.0,1,0.0,0.0,0.0,0.0,0.0,0.0,0.0,0.0,0.0,0,1.0
FAR,Rebel Armed Forces,Guatemala,Government of Guatemala,728.0,624.0,2.0,1.0,3.0,1.0,3.0,3.0,4.0,1.0,0.0,0.0,0.0,1.0,1,0.0,0.0,0.0,0.0,1.0,1.0,1.0,0.0,1.0,1,0.0
FARC,Revolutionary Armed Forces of Colombia,Colombia,Government of Colombia,743.0,237.0,4.0,4.0,4.0,1.0,4.0,4.0,4.0,1.0,4.0,3.0,4.0,1.0,1,0.0,0.0,0.0,0.0,1.0,1.0,1.0,1.0,1.0,0,0.0
FARF,Armed Forces of the Federal Republic,Chad,Government of Chad,451.0,26.0,0.0,0.0,0.0,0.0,0.0,0.0,0.0,0.0,0.0,0.0,0.0,0.0,0,0.0,0.0,0.0,0.0,0.0,0.0,0.0,0.0,0.0,0,0.27848101265822783
FAT,Chadian Armed Forces,Chad,Government of Chad,440.0,662.0,0.0,0.0,0.0,0.0,0.0,0.0,0.0,1.0,0.0,0.0,0.0,1.0,1,0.0,1.0,0.0,1.0,0.0,0.0,1.0,0.0,1.0,0,1.0
Fatah,Fatah,"Palestine, Israel",Government of Israel,207.0,377.0,2.0,2.0,2.0,1.0,4.0,4.0,4.0,1.0,3.0,2.0,3.0,1.0,1,0.0,1.0,0.0,1.0,1.0,1.0,1.0,1.0,1.0,1,0.0
FDLR,Democratic Liberation Forces of Rwanda,Rwanda,Government of Rwanda,528.0,828.0,1.0,1.0,2.0,1.0,2.0,2.0,2.0,1.0,1.0,1.0,2.0,1.0,1,0.0,0.0,0.0,0.0,1.0,1.0,1.0,0.0,1.0,0,1.0
FDR,Democratic Front for Renewal,Niger,Government of Niger,543.0,113.0,0.0,0.0,0.0,0.0,0.0,0.0,0.0,0.0,0.0,0.0,0.0,0.0,0,0.0,0.0,0.0,0.0,0.0,0.0,0.0,0.0,0.0,0,0.27848101265822783
FDSI-CI,Invisible Commandos / Impartial Defense and Security Forces - Ivory Coast,Ivory Coast,Government of Ivory Coast,1125.0,820.0,0.0,0.0,0.0,0.0,0.0,0.0,0.0,1.0,0.0,0.0,0.0,0.0,1,0.0,0.0,0.0,0.0,0.0,0.0,1.0,0.0,0.0,0,1.0
FIAA,Islamic Arab Front of Azawad,Mali,Government of Mali,522.0,97.0,0.0,0.0,0.0,0.0,0.0,0.0,0.0,0.0,0.0,0.0,0.0,0.0,0,0.0,0.0,0.0,0.0,0.0,0.0,0.0,0.0,0.0,0,0.27848101265822783
First Liberation Army,First Liberation Army,Chad,Government of Chad,436.0,658.0,0.0,0.0,0.0,0.0,0.0,0.0,0.0,0.0,0.0,0.0,0.0,0.0,0,0.0,0.0,0.0,0.0,0.0,0.0,0.0,0.0,0.0,0,0.27848101265822783
FLAA,A?r and Azawad Liberation Front,Niger,Government of Niger,524.0,761.0,0.0,0.0,0.0,0.0,0.0,0.0,0.0,0.0,0.0,0.0,0.0,0.0,0,0.0,0.0,0.0,0.0,0.0,0.0,0.0,0.0,0.0,0,0.27848101265822783
FLEC-FAC,Front for the Liberation of the Enclave of Cabinda- Armed Forces of Cabinda,Angola,Government of Angola,541.0,190.0,0.0,0.0,0.0,0.0,2.0,2.0,2.0,1.0,0.0,0.0,0.0,0.0,1,0.0,0.0,0.0,0.0,0.0,1.0,1.0,0.0,0.0,0,1.0
FLEC-R,Front for the Liberation of the Enclave of Cabinda- Renewed,Angola,Government of Angola,540.0,191.0,0.0,0.0,0.0,0.0,0.0,0.0,0.0,0.0,0.0,0.0,0.0,0.0,0,0.0,0.0,0.0,0.0,0.0,0.0,0.0,0.0,0.0,0,0.27848101265822783
FLNC,Congolese National Liberation Front,DR Congo (Zaire),Government of DR Congo (Zaire),421.0,681.0,0.0,0.0,0.0,1.0,0.0,0.0,0.0,1.0,0.0,0.0,0.0,0.0,1,0.0,1.0,1.0,1.0,1.0,1.0,1.0,0.0,0.0,0,1.0
FLOSY,Front for the Liberation of Occupied South Yemen,United Kingdom,Government of United Kingdom,265.0,686.0,0.0,0.0,0.0,0.0,3.0,2.0,3.0,1.0,0.0,0.0,0.0,0.0,1,0.0,0.0,0.0,0.0,1.0,1.0,1.0,0.0,0.0,0,0.0
FLRN,National Front for the Liberation of Haiti,Haiti,Government of Haiti,765.0,440.0,0.0,0.0,0.0,0.0,0.0,0.0,0.0,0.0,0.0,0.0,0.0,0.0,0,0.0,0.0,0.0,0.0,0.0,0.0,0.0,0.0,0.0,0,0.27848101265822783
FMLN,Farabundo Mart√≠ Front for National Liberation,El Salvador,Government of El Salvador,755.0,225.0,4.0,4.0,4.0,1.0,4.0,4.0,4.0,1.0,4.0,4.0,4.0,1.0,1,0.0,1.0,0.0,1.0,1.0,1.0,1.0,1.0,1.0,0,0.0
FN/FRCI,New Forces,Ivory Coast,Government of Ivory Coast,558.0,439.0,2.0,2.0,3.0,1.0,3.0,2.0,3.0,1.0,0.0,0.0,0.0,0.0,1,0.0,0.0,0.0,0.0,1.0,0.0,1.0,0.0,0.0,0,0.0
FNLA,Union of Angolan Peoples,Portugal,Government of Portugal,566.0,568.0,0.0,0.0,0.0,0.0,0.0,0.0,0.0,0.0,0.0,0.0,0.0,0.0,0,0.0,0.0,0.0,0.0,0.0,0.0,0.0,0.0,0.0,0,0.27848101265822783
FNT,Chadian National Front,Chad,Government of Chad,450.0,24.0,0.0,0.0,0.0,0.0,0.0,0.0,0.0,0.0,0.0,0.0,0.0,0.0,0,0.0,0.0,0.0,0.0,0.0,0.0,0.0,0.0,0.0,0,0.27848101265822783
FPL,Farabundo Marti Popular Liberation Forces,El Salvador,Government of El Salvador,754.0,508.0,4.0,4.0,4.0,1.0,4.0,4.0,4.0,1.0,0.0,0.0,0.0,1.0,1,0.0,1.0,0.0,1.0,1.0,1.0,1.0,1.0,1.0,1,0.0
FPR,Rwandan Patriotic Front,Rwanda,Government of Rwanda,527.0,127.0,2.0,1.0,2.0,1.0,3.0,2.0,3.0,1.0,0.0,0.0,0.0,1.0,1,0.0,1.0,0.0,1.0,1.0,1.0,1.0,1.0,0.0,0,0.0
Frelimo,Mozambique Liberation Front,Portugal,Government of Portugal,428.0,685.0,2.0,2.0,3.0,1.0,4.0,3.0,4.0,1.0,2.0,2.0,3.0,1.0,1,0.0,1.0,1.0,1.0,1.0,1.0,1.0,1.0,1.0,0,0.0
Fretilin,Revolutionary Front for an Independent East Timor,Indonesia,Government of Indonesia,290.0,344.0,2.0,1.0,2.0,1.0,4.0,4.0,4.0,1.0,2.0,2.0,3.0,1.0,1,0.0,1.0,1.0,1.0,1.0,1.0,1.0,1.0,1.0,0,0.0
Frolina,National Liberation Front,Burundi,Government of Burundi,433.0,13.0,0.0,0.0,0.0,0.0,0.0,0.0,0.0,0.0,0.0,0.0,0.0,0.0,0,0.0,0.0,0.0,0.0,0.0,0.0,0.0,0.0,0.0,0,0.27848101265822783
Frolinat,National Liberation Front of Chad,Chad,Government of Chad,435.0,656.0,1.0,1.0,1.0,1.0,0.0,0.0,0.0,1.0,0.0,0.0,0.0,1.0,1,0.0,1.0,,,0.0,1.0,1.0,1.0,1.0,0,1.0
Fronasa,Front for National Salvation,Uganda,Government of Uganda,478.0,701.0,0.0,0.0,0.0,1.0,0.0,0.0,0.0,0.0,0.0,0.0,0.0,1.0,1,0.0,1.0,1.0,0.0,0.0,0.0,0.0,1.0,0.0,0,1.0
FRUD,Front for the Restoration of Unity and Democracy,Djibouti,Government of Djibouti,530.0,43.0,0.0,0.0,0.0,0.0,0.0,0.0,0.0,0.0,0.0,0.0,0.0,0.0,1,,,,,,,,0.25956284153005466,0.38524590163934425,0,1.0
FRUD-AD,Front for the Restoration of Unity and Democracy - Ahmed Dini faction,Djibouti,Government of Djibouti,531.0,44.0,0.0,0.0,0.0,0.0,0.0,0.0,0.0,0.0,0.0,0.0,0.0,0.0,0,0.0,0.0,0.0,0.0,0.0,0.0,0.0,0.0,0.0,0,0.27848101265822783
FSLN,Sandinista National Liberation Front,Nicaragua,Government of Nicaragua,758.0,567.0,4.0,4.0,4.0,1.0,4.0,4.0,4.0,1.0,4.0,4.0,4.0,1.0,1,0.0,1.0,0.0,1.0,1.0,1.0,1.0,1.0,1.0,0,0.0
FUCD,Rally for Democracy and Liberty,Chad,Government of Chad,453.0,455.0,0.0,0.0,0.0,1.0,0.0,0.0,0.0,1.0,0.0,0.0,0.0,1.0,1,0.0,1.0,0.0,1.0,0.0,0.0,1.0,1.0,1.0,0,1.0
FUNA,Former Uganda National Army,Uganda,Government of Uganda,480.0,703.0,0.0,0.0,0.0,0.0,0.0,0.0,0.0,0.0,0.0,0.0,0.0,0.0,0,0.0,0.0,0.0,0.0,0.0,0.0,0.0,0.0,0.0,0,0.27848101265822783
FUNCINPEC,"United National Front for an Independent, Neutral, Peaceful and Cooperative Cambodia",Cambodia (Kampuchea),Government of Cambodia (Kampuchea),273.0,379.0,0.0,0.0,0.0,0.0,0.0,0.0,0.0,0.0,0.0,0.0,0.0,0.0,0,0.0,0.0,0.0,0.0,0.0,0.0,0.0,0.0,0.0,0,0.27848101265822783
GAM,Free Aceh Movement,Indonesia,Government of Indonesia,327.0,347.0,2.0,2.0,3.0,1.0,3.0,2.0,3.0,1.0,2.0,2.0,3.0,1.0,1,0.0,1.0,1.0,0.0,1.0,1.0,1.0,1.0,1.0,0,0.0
GIA,Armed Islamic Group,Algeria,Government of Algeria,538.0,3.0,0.0,0.0,0.0,0.0,0.0,0.0,0.0,0.0,0.0,0.0,0.0,0.0,0,0.0,0.0,0.0,0.0,0.0,0.0,0.0,0.0,0.0,0,0.27848101265822783
GNLA,Garo National Liberation Army,India,Government of India,1163.0,842.0,0.0,0.0,0.0,0.0,0.0,0.0,0.0,1.0,0.0,0.0,0.0,0.0,1,0.0,0.0,0.0,0.0,0.0,0.0,1.0,0.0,0.0,0,1.0
God's Army,God's Army,Myanmar (Burma),Government of Myanmar (Burma),181.0,314.0,0.0,0.0,0.0,0.0,0.0,0.0,0.0,1.0,0.0,0.0,0.0,0.0,1,0.0,0.0,0.0,0.0,0.0,0.0,0.0,0.0,0.0,0,1.0
GUNT,Transitional Government of National Unity,Chad,Government of Chad,441.0,663.0,0.0,0.0,0.0,0.0,0.0,0.0,0.0,0.0,0.0,0.0,0.0,0.0,0,0.0,0.0,0.0,0.0,0.0,0.0,0.0,0.0,0.0,0,0.27848101265822783
Hamas,Islamic Resistance Movement,"Palestine, Israel",Government of Israel,209.0,381.0,1.0,1.0,2.0,1.0,4.0,4.0,4.0,1.0,2.0,2.0,3.0,1.0,1,0.0,1.0,1.0,1.0,0.0,1.0,1.0,0.0,1.0,0,0.0
Harakat-i Inqilab-i Islami-yi Afghanistan,Islamic Movement of Afghanistan,Afghanistan,Government of Afghanistan,293.0,731.0,0.0,0.0,0.0,0.0,0.0,0.0,0.0,1.0,0.0,0.0,0.0,1.0,1,0.0,0.0,0.0,0.0,1.0,1.0,1.0,0.0,1.0,0,0.0
Harakat-i Islami-yi Afghanistan,Islamic Movement,Afghanistan,Government of Afghanistan,298.0,737.0,0.0,0.0,0.0,0.0,0.0,0.0,0.0,0.0,0.0,0.0,0.0,0.0,0,0.0,0.0,0.0,0.0,0.0,0.0,0.0,0.0,0.0,0,0.0
Hezbollah,Hezbollah,"Palestine, Israel",Government of Israel,366.0,643.0,1.0,1.0,2.0,1.0,4.0,4.0,4.0,1.0,1.0,1.0,2.0,1.0,1,0.0,1.0,0.0,1.0,1.0,1.0,1.0,0.0,1.0,0,0.0
Hizb-i Islami-yi Afghanistan,Islamic Party of Afghanistan,Afghanistan,Government of Afghanistan,299.0,412.0,0.0,0.0,0.0,0.0,0.0,0.0,0.0,1.0,0.0,0.0,0.0,1.0,1,0.0,0.0,0.0,0.0,1.0,1.0,1.0,0.0,1.0,0,0.0
Hizb-i Islami-yi Afghanistan - Khalis faction,Islamic Party of Afghanistan - Khalis faction,Afghanistan,Government of Afghanistan,294.0,760.0,0.0,0.0,0.0,0.0,0.0,0.0,0.0,1.0,0.0,0.0,0.0,1.0,1,0.0,0.0,0.0,0.0,1.0,1.0,1.0,0.0,1.0,0,0.0
Hizb-i Wahdat,Unity Party,Afghanistan,Government of Afghanistan,300.0,413.0,0.0,0.0,0.0,0.0,0.0,0.0,0.0,1.0,0.0,0.0,0.0,1.0,1,0.0,1.0,0.0,1.0,0.0,1.0,1.0,0.0,1.0,0,1.0
Hizbul Islam,Islamic Party,Somalia,Government of Somalia,1004.0,804.0,0.0,0.0,0.0,0.0,0.0,0.0,0.0,0.0,0.0,0.0,0.0,0.0,0,0.0,0.0,0.0,0.0,0.0,0.0,0.0,0.0,0.0,0,0.27848101265822783
HSM,Holy Spirit Movement,Uganda,Government of Uganda,483.0,149.0,1.0,1.0,1.0,1.0,2.0,1.0,2.0,1.0,1.0,1.0,1.0,1.0,1,1.0,1.0,1.0,1.0,1.0,0.0,1.0,1.0,1.0,0,0.0
IGLF,Issa and Gurgura Liberation Front,Ethiopia,Government of Ethiopia,1115.0,811.0,0.0,0.0,0.0,0.0,0.0,0.0,0.0,0.0,0.0,0.0,0.0,0.0,0,0.0,0.0,0.0,0.0,0.0,0.0,0.0,0.0,0.0,0,0.27848101265822783
IMU,Islamic Movement of Uzbekistan,Uzbekistan,Government of Uzbekistan,359.0,363.0,2.0,2.0,2.0,1.0,0.0,0.0,0.0,1.0,0.0,0.0,0.0,0.0,1,0.0,0.0,0.0,0.0,0.0,1.0,1.0,0.0,0.0,0,0.0
INPFL,Independent National Patriotic Front of Liberia,Liberia,Government of Liberia,508.0,94.0,0.0,0.0,0.0,1.0,0.0,0.0,0.0,0.0,0.0,0.0,0.0,0.0,1,0.0,1.0,1.0,0.0,0.0,0.0,0.0,0.0,0.0,0,1.0
IS,Islamic State of Iraq and the Levant,Iraq,Government of Iraq,234.0,448.0,1.0,1.0,1.0,1.0,3.0,3.0,4.0,1.0,1.0,1.0,1.0,1.0,1,0.0,1.0,0.0,1.0,1.0,1.0,1.0,0.0,1.0,0,0.0
Islamic Charter Front,Islamic Charter Front,Sudan,Government of Sudan,465.0,521.0,0.0,0.0,0.0,0.0,0.0,0.0,0.0,0.0,0.0,0.0,0.0,0.0,0,0.0,0.0,0.0,0.0,0.0,0.0,0.0,0.0,0.0,0,0.27848101265822783
Islamic Legion,Islamic Legion,Chad,Government of Chad,442.0,20.0,0.0,0.0,0.0,0.0,0.0,0.0,0.0,0.0,0.0,0.0,0.0,0.0,0,0.0,0.0,0.0,0.0,0.0,0.0,0.0,0.0,0.0,0,0.27848101265822783
Ittihad-i Islami Bara-yi Azadi-yi Afghanistan,Islamic Union for the Freedom of Afghanistan,Afghanistan,Government of Afghanistan,297.0,735.0,0.0,0.0,0.0,0.0,0.0,0.0,0.0,1.0,0.0,0.0,0.0,1.0,1,0.0,0.0,0.0,0.0,1.0,1.0,1.0,0.0,1.0,0,0.0
Jabha-yi Nijat-i Milli-yi Afghanistan,Afghanistan National Liberation Front,Afghanistan,Government of Afghanistan,295.0,733.0,0.0,0.0,0.0,0.0,0.0,0.0,0.0,1.0,0.0,0.0,0.0,1.0,1,0.0,0.0,0.0,0.0,1.0,1.0,1.0,0.0,1.0,0,0.0
Jam'iyyat-i Islami-yi Afghanistan,Jam'iyyat-i Islami-yi Afghanistan,Afghanistan,Government of Afghanistan,292.0,411.0,0.0,0.0,0.0,0.0,0.0,0.0,0.0,1.0,0.0,0.0,0.0,1.0,1,0.0,0.0,0.0,0.0,1.0,1.0,1.0,0.0,1.0,0,0.0
Jamaat al-Muslimeen,Muslim Society,Trinidad and Tobago,Government of Trinidad and Tobago,762.0,219.0,0.0,0.0,0.0,0.0,0.0,0.0,0.0,1.0,0.0,0.0,0.0,0.0,1,0.0,0.0,0.0,0.0,0.0,1.0,0.0,0.0,0.0,0,0.0
Jama?t-ul-Ahrar,Assembly of the Free,Pakistan,Government of Pakistan,5928.0,14227.0,0.0,0.0,0.0,0.0,0.0,0.0,0.0,0.0,0.0,0.0,0.0,0.0,0,0.0,0.0,0.0,0.0,0.0,0.0,0.0,0.0,0.0,0,0.27848101265822783
JEM,Justice and Equality Movement,Sudan,Government of Sudan,468.0,434.0,0.0,0.0,0.0,0.0,0.0,0.0,0.0,1.0,0.0,0.0,0.0,1.0,1,0.0,0.0,0.0,0.0,0.0,1.0,0.0,0.0,1.0,1,1.0
JIG,Jihad Islamic Group,Uzbekistan,Government of Uzbekistan,360.0,444.0,0.0,0.0,0.0,1.0,0.0,0.0,0.0,1.0,0.0,0.0,0.0,0.0,1,0.0,0.0,0.0,0.0,0.0,0.0,1.0,0.0,0.0,0,1.0
Jondullah,God's Army,Iran,Government of Iran,310.0,640.0,0.0,0.0,0.0,0.0,0.0,0.0,0.0,0.0,0.0,0.0,0.0,0.0,0,0.0,0.0,0.0,0.0,0.0,0.0,0.0,0.0,0.0,0,0.27848101265822783
JSM,The Salafi Groups Which Practices Hisba,Saudi Arabia,Government of Saudi Arabia,312.0,548.0,0.0,0.0,0.0,0.0,0.0,0.0,0.0,0.0,0.0,0.0,0.0,0.0,0,0.0,0.0,0.0,0.0,0.0,0.0,0.0,0.0,0.0,0,0.27848101265822783
JSS/SB,People's Solidarity Association/Peace Force,Bangladesh,Government of Bangladesh,285.0,223.0,1.0,1.0,2.0,1.0,4.0,4.0,4.0,1.0,2.0,2.0,2.0,1.0,1,0.0,1.0,0.0,1.0,1.0,1.0,1.0,0.0,1.0,0,0.0
Junbish-i Milli-yi Islami,National Islamic Movement,Afghanistan,Government of Afghanistan,302.0,422.0,0.0,0.0,0.0,0.0,0.0,0.0,0.0,0.0,0.0,0.0,0.0,0.0,0,0.0,0.0,0.0,0.0,0.0,0.0,0.0,0.0,0.0,0,0.27848101265822783
JVP,People's Liberation Front,Sri Lanka,Government of Sri Lanka,281.0,256.0,2.0,2.0,3.0,1.0,2.0,2.0,3.0,1.0,1.0,1.0,2.0,1.0,1,0.0,1.0,1.0,1.0,1.0,1.0,1.0,0.0,1.0,0,0.0
Kamajors,Kamajors,Sierra Leone,Government of Sierra Leone,534.0,132.0,2.0,1.0,2.0,1.0,2.0,2.0,3.0,1.0,0.0,0.0,0.0,1.0,1,0.0,0.0,0.0,0.0,0.0,0.0,1.0,0.0,1.0,0,0.0
Kashmir insurgents,Kashmir insurgents,India,Government of India,325.0,355.0,2.0,1.0,2.0,1.0,4.0,4.0,4.0,1.0,2.0,2.0,3.0,1.0,1,0.0,1.0,0.0,1.0,1.0,1.0,1.0,0.0,1.0,0,0.0
Kata Katanga,Kata Katanga,DR Congo (Zaire),Government of DR Congo (Zaire),3967.0,856.0,0.0,0.0,0.0,0.0,0.0,0.0,0.0,0.0,0.0,0.0,0.0,0.0,0,0.0,0.0,0.0,0.0,0.0,0.0,0.0,0.0,0.0,0,0.27848101265822783
KCP,Kangleipak Communist Party,India,Government of India,317.0,764.0,2.0,2.0,4.0,1.0,3.0,3.0,4.0,1.0,0.0,0.0,0.0,1.0,1,0.0,1.0,0.0,1.0,1.0,1.0,1.0,1.0,0.0,0,0.0
KDP,Kurdish Democratic Party,Iraq,Government of Iraq,260.0,279.0,1.0,1.0,2.0,1.0,4.0,3.0,4.0,1.0,3.0,2.0,3.0,1.0,1,0.0,1.0,0.0,1.0,0.0,1.0,1.0,0.0,1.0,0,0.0
KDP-QM,Kurdistan Democratic Party- Provisional Command,Iraq,Government of Iraq,262.0,653.0,0.0,0.0,0.0,0.0,0.0,0.0,0.0,0.0,0.0,0.0,0.0,0.0,0,0.0,0.0,0.0,0.0,0.0,0.0,0.0,0.0,0.0,0,0.27848101265822783
KDPI,Democratic Party of Iranian Kurdistan,Iran,Government of Iran,164.0,260.0,4.0,4.0,4.0,1.0,4.0,4.0,4.0,1.0,4.0,3.0,4.0,1.0,1,0.0,1.0,1.0,1.0,0.0,1.0,1.0,1.0,1.0,0,0.0
Kikosi Maalum,Special Force,Uganda,Government of Uganda,476.0,700.0,0.0,0.0,0.0,0.0,0.0,0.0,0.0,0.0,0.0,0.0,0.0,0.0,0,0.0,0.0,0.0,0.0,0.0,0.0,0.0,0.0,0.0,0,0.27848101265822783
KIO,Kachin Independence Organization,Myanmar (Burma),Government of Myanmar (Burma),201.0,304.0,1.0,1.0,3.0,1.0,4.0,3.0,4.0,1.0,2.0,1.0,2.0,1.0,1,0.0,1.0,1.0,1.0,1.0,1.0,1.0,0.0,1.0,0,0.0
KNF,Kuki National Front,India,Government of India,316.0,788.0,0.0,0.0,0.0,1.0,0.0,0.0,0.0,0.0,0.0,0.0,0.0,0.0,1,0.0,0.0,0.0,0.0,0.0,0.0,0.0,0.0,0.0,0,1.0
KNPP,Karenni National Progressive Party,Myanmar (Burma),Government of Myanmar (Burma),225.0,311.0,0.0,0.0,0.0,0.0,0.0,0.0,0.0,1.0,0.0,0.0,0.0,1.0,1,0.0,0.0,0.0,0.0,0.0,1.0,1.0,0.0,1.0,0,0.0
KNU,Karen National Union,Myanmar (Burma),Government of Myanmar (Burma),180.0,306.0,1.0,1.0,2.0,1.0,4.0,4.0,4.0,1.0,3.0,2.0,3.0,1.0,1,0.0,1.0,0.0,1.0,0.0,1.0,1.0,0.0,1.0,0,0.0
KNUFNS,Kampuchean National United Front for National Salvation,Cambodia (Kampuchea),Government of Cambodia (Kampuchea),271.0,553.0,0.0,0.0,0.0,1.0,0.0,0.0,0.0,0.0,0.0,0.0,0.0,0.0,1,0.0,0.0,0.0,0.0,0.0,0.0,0.0,0.0,0.0,0,1.0
KPNLF,Khmer People's National Liberation Front,Cambodia (Kampuchea),Government of Cambodia (Kampuchea),272.0,378.0,0.0,0.0,0.0,0.0,3.0,3.0,4.0,1.0,2.0,2.0,3.0,1.0,1,0.0,1.0,0.0,1.0,1.0,1.0,1.0,0.0,1.0,0,1.0
KR,Khmer Rouge/Red Khmers,Cambodia (Kampuchea),Government of Cambodia (Kampuchea),270.0,364.0,2.0,2.0,3.0,1.0,4.0,3.0,4.0,1.0,2.0,2.0,3.0,1.0,1,0.0,1.0,1.0,1.0,0.0,1.0,1.0,1.0,1.0,0,0.0
LAA,Lebanese Arab Army,Lebanon,Government of Lebanon,238.0,723.0,0.0,0.0,0.0,0.0,0.0,0.0,0.0,0.0,0.0,0.0,0.0,0.0,0,0.0,0.0,0.0,0.0,0.0,0.0,0.0,0.0,0.0,0,0.27848101265822783
Lashkar-e-Islam,Army of Islam,Pakistan,Government of Pakistan,399.0,844.0,0.0,0.0,0.0,0.0,0.0,0.0,0.0,0.0,0.0,0.0,0.0,0.0,0,0.0,0.0,0.0,0.0,0.0,0.0,0.0,0.0,0.0,0,0.27848101265822783
LNUP,Lahu National Unity Party,Myanmar (Burma),Government of Myanmar (Burma),889.0,797.0,0.0,0.0,0.0,0.0,0.0,0.0,0.0,0.0,0.0,0.0,0.0,0.0,0,0.0,0.0,0.0,0.0,0.0,0.0,0.0,0.0,0.0,0,0.27848101265822783
Lord's Army,Lord's Army,Uganda,Government of Uganda,487.0,708.0,0.0,0.0,0.0,0.0,0.0,0.0,0.0,0.0,0.0,0.0,0.0,0.0,0,0.0,0.0,0.0,0.0,0.0,0.0,0.0,0.0,0.0,0,0.27848101265822783
LPR,Lugansk People's Republic,Ukraine,Government of Ukraine,5839.0,14184.0,0.0,0.0,0.0,1.0,0.0,0.0,0.0,1.0,0.0,0.0,0.0,0.0,1,0.0,0.0,0.0,0.0,0.0,1.0,1.0,0.0,0.0,0,1.0
LRA,Lord's Resistance Army,Uganda,Government of Uganda,488.0,151.0,2.0,2.0,3.0,1.0,3.0,3.0,4.0,1.0,1.0,1.0,2.0,1.0,1,0.0,1.0,1.0,0.0,1.0,0.0,1.0,1.0,0.0,0,0.0
LRM,Lao Resistance Movement,Laos,Government of Laos,246.0,382.0,0.0,0.0,0.0,0.0,0.0,0.0,0.0,0.0,0.0,0.0,0.0,0.0,0,0.0,0.0,0.0,0.0,0.0,0.0,0.0,0.0,0.0,0,0.27848101265822783
LTTE,Liberation Tigers of Tamil Eelam,Sri Lanka,Government of Sri Lanka,320.0,243.0,4.0,3.0,4.0,1.0,4.0,3.0,4.0,1.0,3.0,2.0,3.0,1.0,1,0.0,1.0,1.0,1.0,1.0,1.0,1.0,1.0,1.0,0,0.0
LURD,Liberians United for Reconciliation and Democracy,Liberia,Government of Liberia,509.0,95.0,3.0,2.0,4.0,1.0,4.0,4.0,4.0,1.0,2.0,1.0,3.0,1.0,1,1.0,1.0,1.0,0.0,1.0,1.0,1.0,1.0,1.0,0,0.0
M-19,19th of April Movement,Colombia,Government of Colombia,745.0,495.0,4.0,4.0,4.0,1.0,4.0,4.0,4.0,1.0,4.0,3.0,4.0,1.0,1,0.0,0.0,0.0,0.0,1.0,1.0,1.0,1.0,1.0,0,0.0
M23,March 23 Movement,DR Congo (Zaire),Government of DR Congo (Zaire),1160.0,831.0,0.0,0.0,0.0,1.0,0.0,0.0,0.0,1.0,0.0,0.0,0.0,0.0,1,0.0,1.0,0.0,1.0,0.0,0.0,1.0,0.0,0.0,0,1.0
Mahaz-i Milli-yi Islami-yi Afghanistan,National Islamic Front of Afghanistan,Afghanistan,Government of Afghanistan,296.0,732.0,0.0,0.0,0.0,0.0,0.0,0.0,0.0,1.0,0.0,0.0,0.0,1.0,1,0.0,0.0,0.0,0.0,1.0,1.0,1.0,0.0,1.0,0,0.0
Maidan,Maidan,Ukraine,Government of Ukraine,5817.0,14085.0,2.0,1.0,2.0,1.0,4.0,3.0,4.0,1.0,1.0,1.0,2.0,1.0,1,0.0,1.0,0.0,1.0,0.0,1.0,1.0,1.0,1.0,0,0.0
MCC,Maoist Communist Centre,India,Government of India,194.0,406.0,0.0,0.0,0.0,1.0,0.0,0.0,0.0,1.0,0.0,0.0,0.0,1.0,1,0.0,1.0,0.0,1.0,0.0,1.0,0.0,1.0,1.0,0,1.0
MCP,Communist Party of Malaya,Malaysia,Government of Malaysia,196.0,585.0,2.0,2.0,3.0,1.0,4.0,4.0,4.0,1.0,2.0,2.0,3.0,1.0,1,0.0,1.0,1.0,0.0,1.0,1.0,1.0,1.0,1.0,0,0.0
MDD,Movement for Democracy and Development,Chad,Government of Chad,446.0,25.0,0.0,0.0,0.0,0.0,0.0,0.0,0.0,0.0,0.0,0.0,0.0,0.0,0,0.0,0.0,0.0,0.0,0.0,0.0,0.0,0.0,0.0,0,0.27848101265822783
MDJT,Movement for Democracy and Justice in Chad,Chad,Government of Chad,452.0,27.0,0.0,0.0,0.0,0.0,0.0,0.0,0.0,0.0,0.0,0.0,0.0,0.0,0,0.0,0.0,0.0,0.0,0.0,0.0,0.0,0.0,0.0,0,0.27848101265822783
MEK,People's Mujahedin Organization of Iran,Iran,Government of Iran,308.0,246.0,4.0,4.0,4.0,1.0,4.0,4.0,4.0,1.0,4.0,4.0,4.0,1.0,1,0.0,1.0,0.0,1.0,0.0,1.0,1.0,1.0,1.0,0,0.0
MFDC,Movement of the Democratic Forces of the Casamance,Senegal,Government of Senegal,529.0,129.0,2.0,2.0,3.0,1.0,3.0,2.0,3.0,1.0,0.0,0.0,0.0,0.0,1,0.0,0.0,0.0,0.0,0.0,1.0,1.0,0.0,0.0,0,1.0
MILF,Moro Islamic Liberation Front,Philippines,Government of Philippines,276.0,242.0,1.0,1.0,2.0,1.0,4.0,3.0,4.0,1.0,3.0,2.0,3.0,1.0,1,0.0,1.0,0.0,1.0,0.0,1.0,1.0,1.0,1.0,0,0.0
MIM,Mindanao Independence Movement,Philippines,Government of Philippines,274.0,507.0,0.0,0.0,0.0,0.0,0.0,0.0,0.0,0.0,0.0,0.0,0.0,0.0,0,0.0,0.0,0.0,0.0,0.0,0.0,0.0,0.0,0.0,0,0.27848101265822783
MIR,Movement of the Revolutionary Left,Peru,Government of Peru,749.0,499.0,0.0,0.0,0.0,1.0,0.0,0.0,0.0,1.0,0.0,0.0,0.0,0.0,1,0.0,0.0,0.0,0.0,0.0,0.0,1.0,0.0,0.0,0,1.0
MJP,Movement for Justice and Peace,Ivory Coast,Government of Ivory Coast,555.0,245.0,0.0,0.0,0.0,0.0,0.0,0.0,0.0,0.0,0.0,0.0,0.0,0.0,0,0.0,0.0,0.0,0.0,0.0,0.0,0.0,0.0,0.0,1,0.27848101265822783
MKP,Maoist Communist Party,Turkey,Government of Turkey,335.0,457.0,4.0,3.0,4.0,1.0,4.0,3.0,4.0,1.0,0.0,0.0,0.0,1.0,1,0.0,1.0,0.0,1.0,0.0,1.0,1.0,0.0,1.0,0,0.0
MLC,Movement for the Liberation of Congo,DR Congo (Zaire),Government of DR Congo (Zaire),423.0,41.0,0.0,0.0,0.0,0.0,0.0,0.0,0.0,0.0,0.0,0.0,0.0,0.0,0,0.0,0.0,0.0,0.0,0.0,0.0,0.0,0.0,0.0,0,0.27848101265822783
MLN/Tupamaros,Movement of National Liberation/Tupamaros,Uruguay,Government of Uruguay,756.0,491.0,4.0,4.0,4.0,1.0,4.0,4.0,4.0,1.0,2.0,1.0,2.0,1.0,1,0.0,0.0,0.0,0.0,1.0,0.0,1.0,1.0,1.0,0,0.0
MNDAA,Myanmar National Democratic Alliance Army,Myanmar (Burma),Government of Myanmar (Burma),880.0,798.0,0.0,0.0,0.0,0.0,0.0,0.0,0.0,0.0,0.0,0.0,0.0,0.0,0,0.0,0.0,0.0,0.0,0.0,0.0,0.0,0.0,0.0,0,0.27848101265822783
MNF,Mizo National Front,India,Government of India,267.0,505.0,1.0,0.0,1.0,1.0,2.0,2.0,2.0,1.0,0.0,0.0,0.0,0.0,1,0.0,1.0,0.0,1.0,0.0,0.0,1.0,0.0,0.0,0,1.0
MNJ,Niger Movement for Justice,Niger,Government of Niger,562.0,749.0,0.0,0.0,0.0,0.0,0.0,0.0,0.0,0.0,0.0,0.0,0.0,0.0,0,0.0,0.0,0.0,0.0,0.0,0.0,0.0,0.0,0.0,0,0.27848101265822783
MNLF,Moro National Liberation Front,Philippines,Government of Philippines,275.0,247.0,2.0,2.0,2.0,1.0,3.0,3.0,4.0,1.0,2.0,2.0,2.0,1.0,1,0.0,1.0,0.0,1.0,1.0,1.0,1.0,1.0,1.0,0,0.0
MNLF-HM,Moro National Liberation Front - Habier Malik faction,Philippines,Government of Philippines,279.0,647.0,0.0,0.0,0.0,0.0,0.0,0.0,0.0,0.0,0.0,0.0,0.0,0.0,0,0.0,0.0,0.0,0.0,0.0,0.0,0.0,0.0,0.0,0,0.27848101265822783
MNLF-NM,Moro National Liberation Front - Nur Misuari faction,Philippines,Government of Philippines,278.0,252.0,0.0,0.0,0.0,0.0,0.0,0.0,0.0,0.0,0.0,0.0,0.0,0.0,0,0.0,0.0,0.0,0.0,0.0,0.0,0.0,0.0,0.0,0,0.27848101265822783
MODEL,Movement for Democracy in Liberia,Liberia,Government of Liberia,510.0,352.0,2.0,2.0,3.0,1.0,4.0,4.0,4.0,1.0,0.0,0.0,0.0,0.0,1,0.0,0.0,0.0,0.0,0.0,0.0,0.0,0.0,0.0,0,1.0
Montoneros,Montoneros,Argentina,Government of Argentina,739.0,593.0,2.0,2.0,3.0,1.0,4.0,4.0,4.0,1.0,2.0,2.0,2.0,1.0,1,1.0,1.0,0.0,1.0,0.0,1.0,1.0,0.0,1.0,0,0.0
MOSANAT,Movement for the National Salvation of Chad,Chad,Government of Chad,444.0,19.0,0.0,0.0,0.0,0.0,0.0,0.0,0.0,0.0,0.0,0.0,0.0,0.0,0,0.0,0.0,0.0,0.0,0.0,0.0,0.0,0.0,0.0,0,0.27848101265822783
MPA,Popular Movement for the Liberation of Azawad,Mali,Government of Mali,521.0,96.0,0.0,0.0,0.0,0.0,0.0,0.0,0.0,0.0,0.0,0.0,0.0,0.0,0,0.0,0.0,0.0,0.0,0.0,0.0,0.0,0.0,0.0,0,0.27848101265822783
MPA/Republic of Anjouan,Anjouan People's Movement/Republic of Anjouan,Comoros,Government of Comoros,544.0,35.0,0.0,0.0,0.0,0.0,0.0,0.0,0.0,0.0,0.0,0.0,0.0,0.0,0,0.0,0.0,0.0,0.0,0.0,0.0,0.0,0.0,0.0,0,0.27848101265822783
MPCI,Patriotic Movement of Ivory Coast,Ivory Coast,Government of Ivory Coast,556.0,89.0,0.0,0.0,0.0,0.0,0.0,0.0,0.0,0.0,0.0,0.0,0.0,0.0,0,0.0,0.0,0.0,0.0,0.0,0.0,0.0,0.0,0.0,1,0.27848101265822783
MPIGO,Ivorian Movement for the Greater West,Ivory Coast,Government of Ivory Coast,557.0,91.0,0.0,0.0,0.0,0.0,0.0,0.0,0.0,0.0,0.0,0.0,0.0,0.0,0,0.0,0.0,0.0,0.0,0.0,0.0,0.0,0.0,0.0,1,0.27848101265822783
MPLA,Popular Movement for the Liberation of Angola,Portugal,Government of Portugal,405.0,738.0,3.0,2.0,4.0,1.0,4.0,4.0,4.0,1.0,2.0,2.0,3.0,1.0,1,0.0,1.0,0.0,1.0,1.0,1.0,1.0,0.0,1.0,0,0.0
MPS,Patriotic Salvation Movement,Chad,Government of Chad,445.0,23.0,0.0,0.0,0.0,0.0,0.0,0.0,0.0,0.0,0.0,0.0,0.0,0.0,0,0.0,0.0,0.0,0.0,0.0,0.0,0.0,0.0,0.0,0,0.27848101265822783
MQM,Mohajir National Movement,Pakistan,Government of Pakistan,354.0,340.0,0.0,0.0,0.0,0.0,4.0,3.0,4.0,1.0,2.0,2.0,3.0,1.0,1,0.0,1.0,0.0,1.0,0.0,1.0,1.0,0.0,1.0,0,0.0
MRTA,Tupac Amaru Revolutionary Movement,Peru,Government of Peru,751.0,319.0,4.0,4.0,4.0,1.0,4.0,4.0,4.0,1.0,2.0,2.0,3.0,1.0,1,0.0,0.0,0.0,0.0,1.0,1.0,1.0,1.0,0.0,0,0.0
MTA,Mong Tai Army,Myanmar (Burma),Government of Myanmar (Burma),255.0,308.0,0.0,0.0,0.0,0.0,3.0,2.0,3.0,1.0,0.0,0.0,0.0,0.0,1,0.0,1.0,0.0,1.0,0.0,1.0,1.0,0.0,0.0,0,1.0
MTD,Togolese Movement for Democracy,Togo,Government of Togo,516.0,471.0,0.0,0.0,0.0,0.0,0.0,0.0,0.0,0.0,0.0,0.0,0.0,0.0,0,0.0,0.0,0.0,0.0,0.0,0.0,0.0,0.0,0.0,0,0.27848101265822783
MUJAO,Movement for Oneness and Jihad in West Africa,Mali,Government of Mali,1161.0,1051.5859078590786,0.0,0.0,0.0,1.0,0.0,0.0,0.0,1.0,0.0,0.0,0.0,0.0,1,0.0,0.0,0.0,0.0,0.0,0.0,1.0,0.0,0.0,0,1.0
Mukti Bahini,Mukti Bahini,Pakistan,Government of Pakistan,280.0,542.0,2.0,1.0,2.0,1.0,2.0,2.0,3.0,1.0,0.0,0.0,0.0,0.0,1,0.0,1.0,1.0,1.0,1.0,0.0,1.0,0.0,0.0,0,0.0
Muslim Brotherhood,Muslim Brotherhood,Syria,Government of Syria,269.0,519.0,1.0,0.0,1.0,1.0,3.0,3.0,3.0,1.0,2.0,2.0,3.0,1.0,1,0.0,1.0,0.0,1.0,0.0,1.0,1.0,0.0,1.0,0,0.0
NDF,National Democratic Front,Yemen (North Yemen),Government of Yemen (North Yemen),199.0,617.0,0.0,0.0,0.0,0.0,0.0,0.0,0.0,0.0,0.0,0.0,0.0,0.0,0,0.0,0.0,0.0,0.0,0.0,0.0,0.0,0.0,0.0,0,0.27848101265822783
NDFB,National Democratic Front for Bodoland,India,Government of India,363.0,313.0,0.0,0.0,0.0,1.0,0.0,0.0,0.0,1.0,0.0,0.0,0.0,1.0,1,0.0,0.0,0.0,0.0,1.0,1.0,1.0,1.0,0.0,0,1.0
NDFB - RD,National Democratic Front for Bodoland -  Ranjan Daimary faction,India,Government of India,1066.0,785.0,3.0,2.0,3.0,1.0,0.0,0.0,0.0,0.0,0.0,0.0,0.0,0.0,1,0.0,0.0,0.0,0.0,0.0,0.0,0.0,0.0,0.0,0,0.0
NDFB- S,National Democratic Front for Bodoland - Songbijit faction,India,Government of India,5826.0,14102.0,2.0,1.0,2.0,1.0,1.0,1.0,2.0,1.0,0.0,0.0,0.0,1.0,1,0.0,0.0,0.0,0.0,1.0,0.0,1.0,0.25956284153005466,0.38524590163934425,0,0.0
NDPVF,Niger Delta People's Volunteer Force,Nigeria,Government of Nigeria,560.0,473.0,0.0,0.0,0.0,1.0,0.0,0.0,0.0,1.0,0.0,0.0,0.0,1.0,1,0.0,0.0,0.0,0.0,0.0,0.0,1.0,1.0,0.0,0,1.0
Ninjas,Ninjas,Congo,Government of Congo,546.0,36.0,0.0,0.0,0.0,0.0,0.0,0.0,0.0,0.0,0.0,0.0,0.0,0.0,0,0.0,0.0,0.0,0.0,0.0,0.0,0.0,0.0,0.0,0,0.27848101265822783
NLF,National Liberation Front of South Vietnam,Vietnam (South Vietnam),Government of South Vietnam,221.0,614.0,4.0,3.0,4.0,1.0,4.0,4.0,4.0,1.0,4.0,3.0,4.0,1.0,1,1.0,1.0,1.0,1.0,1.0,1.0,1.0,1.0,1.0,0,0.0
NLFT,National Liberation Front of Tripura,India,Government of India,307.0,269.0,2.0,1.0,2.0,1.0,2.0,1.0,2.0,1.0,0.0,0.0,0.0,1.0,1,0.0,1.0,1.0,0.0,0.0,1.0,1.0,1.0,0.0,0,1.0
NLFT-B,National Liberation Front of Tripura - Biswamohan faction,India,Government of India,2939.0,11299.0,0.0,0.0,0.0,0.0,0.0,0.0,0.0,0.0,0.0,0.0,0.0,0.0,0,0.0,0.0,0.0,0.0,0.0,0.0,0.0,0.0,0.0,0,0.27848101265822783
NMSP,New Mon State Party,Myanmar (Burma),Government of Myanmar (Burma),190.0,310.0,3.0,3.0,4.0,1.0,4.0,3.0,4.0,1.0,1.0,1.0,2.0,1.0,1,0.0,1.0,1.0,1.0,1.0,1.0,1.0,0.0,1.0,0,0.0
NNC,Naga Nationalist Council,India,Government of India,222.0,711.0,2.0,2.0,3.0,1.0,3.0,3.0,3.0,1.0,2.0,1.0,2.0,1.0,1,0.0,1.0,1.0,1.0,1.0,1.0,1.0,1.0,1.0,0,1.0
NPFL,National Patriotic Front of Liberia,Liberia,Government of Liberia,507.0,93.0,3.0,3.0,4.0,1.0,4.0,3.0,4.0,1.0,3.0,3.0,3.0,1.0,1,0.0,1.0,1.0,0.0,1.0,1.0,1.0,1.0,1.0,0,0.0
NRA,National Resistance Movement/Army,Uganda,Government of Uganda,481.0,574.0,2.0,2.0,3.0,1.0,4.0,3.0,4.0,1.0,3.0,2.0,3.0,1.0,1,0.0,1.0,1.0,0.0,1.0,1.0,1.0,1.0,0.0,0,0.0
NRF,National Redemption Front,Sudan,Government of Sudan,470.0,630.0,0.0,0.0,0.0,0.0,0.0,0.0,0.0,0.0,0.0,0.0,0.0,0.0,0,0.0,0.0,0.0,0.0,0.0,0.0,0.0,0.0,0.0,0,0.27848101265822783
NSCN-IM,National Socialist Council of Nagaland- Isaac Muivah faction,India,Government of India,223.0,286.0,3.0,3.0,4.0,1.0,4.0,4.0,4.0,1.0,3.0,2.0,3.0,1.0,1,0.0,1.0,1.0,1.0,1.0,0.0,1.0,1.0,1.0,0,0.0
NSCN-K,National Socialist Council of Nagaland- Khaplang faction,Myanmar (Burma),Government of Myanmar (Burma),224.0,853.0,0.0,0.0,0.0,1.0,0.0,0.0,0.0,1.0,0.0,0.0,0.0,0.0,1,0.0,0.0,0.0,0.0,0.0,0.0,1.0,0.0,0.0,0,0.0
NSF/LNM,Lebanese National Movement,Lebanon,Government of Lebanon,237.0,722.0,2.0,2.0,3.0,1.0,4.0,4.0,4.0,1.0,2.0,2.0,2.0,1.0,1,0.0,1.0,1.0,1.0,1.0,1.0,1.0,1.0,1.0,1,0.0
Ntsiloulous,Ntsiloulous,Congo,Government of Congo,548.0,38.0,0.0,0.0,0.0,0.0,0.0,0.0,0.0,0.0,0.0,0.0,0.0,0.0,0,0.0,0.0,0.0,0.0,0.0,0.0,0.0,0.0,0.0,0,0.27848101265822783
NUF,National Union Front,Lebanon,Government of Lebanon,240.0,725.0,2.0,2.0,3.0,1.0,4.0,4.0,4.0,1.0,2.0,2.0,2.0,1.0,1,0.0,1.0,1.0,1.0,1.0,1.0,1.0,1.0,1.0,0,0.0
OLF,Ogaden Liberation Front,Ethiopia,Government of Ethiopia,1056.0,792.0,2.0,2.0,3.0,1.0,4.0,3.0,4.0,1.0,2.0,1.0,2.0,1.0,1,0.0,1.0,0.0,1.0,1.0,1.0,1.0,1.0,1.0,0,0.0
ONLF,Ogaden National Liberation Front,Ethiopia,Government of Ethiopia,497.0,54.0,2.0,2.0,3.0,1.0,3.0,2.0,3.0,1.0,1.0,1.0,2.0,1.0,1,0.0,1.0,0.0,1.0,0.0,1.0,1.0,0.0,1.0,0,0.0
OP Lavalas (Chim?res),OP Lavalas (Chim?res),Haiti,Government of Haiti,766.0,441.0,0.0,0.0,0.0,0.0,0.0,0.0,0.0,0.0,0.0,0.0,0.0,0.0,0,0.0,0.0,0.0,0.0,0.0,0.0,0.0,0.0,0.0,0,0.27848101265822783
OPM,Organization for a Free Papua,Indonesia,Government of Indonesia,266.0,498.0,4.0,3.0,4.0,1.0,3.0,3.0,4.0,1.0,2.0,1.0,3.0,1.0,1,0.0,1.0,0.0,1.0,1.0,0.0,1.0,0.0,1.0,0,0.0
ORPA,Revolutionary Organization of Armed People,Guatemala,Government of Guatemala,731.0,627.0,2.0,2.0,3.0,1.0,3.0,3.0,4.0,1.0,2.0,2.0,3.0,1.0,1,0.0,0.0,0.0,0.0,0.0,1.0,1.0,1.0,0.0,1,1.0
PAIGC,African Party for the Independence of Guinea and Cape Verde,Portugal,Government of Portugal,417.0,675.0,2.0,2.0,3.0,1.0,4.0,3.0,4.0,1.0,0.0,0.0,0.0,1.0,1,0.0,1.0,0.0,1.0,1.0,1.0,1.0,1.0,1.0,0,0.0
Palipehutu-FNL,Party for the Liberation of the Hutu People- Forces for National Liberation,Burundi,Government of Burundi,432.0,15.0,2.0,2.0,3.0,1.0,3.0,3.0,3.0,1.0,0.0,0.0,0.0,0.0,1,0.0,1.0,0.0,1.0,1.0,1.0,1.0,0.0,0.0,0,0.0
PARC-FAAL,Party for Action and the Reconstruction of the Congo- Allelujah Armed Forces,DR Congo (Zaire),Government of DR Congo (Zaire),3043.0,11377.0,0.0,0.0,0.0,0.0,0.0,0.0,0.0,0.0,0.0,0.0,0.0,0.0,0,0.0,0.0,0.0,0.0,0.0,0.0,0.0,0.0,0.0,0,0.27848101265822783
Patani insurgents,Patani insurgents,Thailand,Government of Thailand,365.0,472.0,2.0,1.0,2.0,1.0,3.0,3.0,4.0,1.0,1.0,1.0,1.0,1.0,1,0.0,1.0,1.0,1.0,1.0,1.0,1.0,0.0,1.0,0,1.0
Pathet Lao/LPLA,Pathet Lao/Lao People's Liberation Army,Laos,Government of Laos,244.0,734.0,2.0,2.0,3.0,1.0,4.0,3.0,4.0,1.0,3.0,3.0,3.0,1.0,1,0.0,1.0,1.0,1.0,1.0,1.0,1.0,1.0,1.0,0,1.0
PBCP,Purbo Banglar Communist Party,Bangladesh,Government of Bangladesh,805.0,838.0,1.0,0.0,1.0,1.0,0.0,0.0,0.0,0.0,0.0,0.0,0.0,0.0,1,0.0,0.0,0.0,0.0,0.0,0.0,0.0,0.0,0.0,0,1.0
PBCP- J,Purbo Banglar Communist Party- Janajudhha faction,Bangladesh,Government of Bangladesh,1165.0,839.0,0.0,0.0,0.0,1.0,0.0,0.0,0.0,1.0,0.0,0.0,0.0,1.0,1,0.0,1.0,0.0,1.0,0.0,0.0,1.0,0.25956284153005466,0.38524590163934425,0,1.0
PDPA,People's Democratic Republic of Afghanistan,Afghanistan,Government of Afghanistan,291.0,727.0,0.0,0.0,0.0,0.0,3.0,3.0,4.0,1.0,1.0,1.0,2.0,1.0,1,0.0,1.0,0.0,1.0,0.0,1.0,0.0,0.0,1.0,0,0.0
PF,Patriotic Front,Zimbabwe (Rhodesia),Government of Zimbabwe (Rhodesia),494.0,712.0,3.0,3.0,4.0,1.0,4.0,4.0,4.0,1.0,3.0,2.0,3.0,1.0,1,0.0,1.0,1.0,1.0,1.0,1.0,1.0,1.0,1.0,0,0.0
PFLO,Popular Front for the Liberation of the Occupied Arab Gulf,Oman,Government of Oman,284.0,561.0,3.0,2.0,4.0,1.0,4.0,3.0,4.0,1.0,0.0,0.0,0.0,1.0,1,0.0,1.0,1.0,1.0,1.0,1.0,1.0,0.0,1.0,0,0.0
PFLP,Popular Front for the Liberation of Palestine,"Palestine, Israel",Government of Israel,205.0,419.0,3.0,2.0,3.0,1.0,4.0,4.0,4.0,1.0,3.0,2.0,3.0,1.0,1,0.0,1.0,0.0,1.0,1.0,1.0,1.0,0.0,1.0,1,0.0
PFLP-GC,Popular Front for the Liberation of Palestine- General Command,"Palestine, Israel",Government of Israel,206.0,428.0,0.0,0.0,0.0,0.0,0.0,0.0,0.0,0.0,0.0,0.0,0.0,0.0,0,0.0,0.0,0.0,0.0,0.0,0.0,0.0,0.0,0.0,1,0.27848101265822783
PFNR,Popular Front for National Renaissance,Chad,Government of Chad,1112.0,807.0,0.0,0.0,0.0,0.0,0.0,0.0,0.0,0.0,0.0,0.0,0.0,0.0,0,0.0,0.0,0.0,0.0,0.0,0.0,0.0,0.0,0.0,0,0.27848101265822783
PFT,Popular Front of Tajikistan,Tajikistan,Government of Tajikistan,1186.0,848.0,0.0,0.0,0.0,0.0,0.0,0.0,0.0,0.0,0.0,0.0,0.0,0.0,0,0.0,0.0,0.0,0.0,0.0,0.0,0.0,0.0,0.0,0,0.27848101265822783
PIJ,Palestinian Islamic Jihad,"Palestine, Israel",Government of Israel,208.0,380.0,2.0,1.0,2.0,1.0,3.0,3.0,3.0,1.0,0.0,0.0,0.0,0.0,1,0.0,1.0,0.0,1.0,0.0,1.0,1.0,0.0,0.0,0,0.0
PIRA,Provisional Irish Republican Army,United Kingdom,Government of United Kingdom,282.0,216.0,2.0,2.0,2.0,1.0,4.0,3.0,4.0,1.0,3.0,3.0,3.0,1.0,1,0.0,1.0,0.0,1.0,1.0,1.0,1.0,1.0,1.0,0,0.0
PJAK,Free Life Party of Kurdistan,Iran,Government of Iran,309.0,459.0,4.0,4.0,4.0,1.0,4.0,4.0,4.0,1.0,4.0,4.0,4.0,1.0,1,0.0,1.0,,,0.0,1.0,1.0,1.0,1.0,0,0.0
PKK,Kurdistan Worker's Party,Turkey,Government of Turkey,323.0,333.0,4.0,4.0,4.0,1.0,4.0,4.0,4.0,1.0,4.0,4.0,4.0,1.0,1,0.0,1.0,1.0,1.0,1.0,1.0,1.0,1.0,1.0,0,0.0
PLA,People's Liberation Army,India,Government of India,314.0,325.0,3.0,2.0,3.0,1.0,3.0,2.0,3.0,1.0,2.0,1.0,3.0,1.0,1,0.0,1.0,0.0,1.0,1.0,1.0,1.0,1.0,1.0,0,0.0
PLO,Palestine Liberation Organization,"Palestine, Israel",Government of Israel,204.0,781.0,2.0,2.0,3.0,1.0,4.0,4.0,4.0,1.0,3.0,2.0,3.0,1.0,1,0.0,1.0,0.0,1.0,1.0,1.0,1.0,0.0,1.0,0,0.0
PMR,Pridnestrovian Moldavian Republic/Transnistria,Moldova,Government of Moldova,344.0,367.0,0.0,0.0,0.0,0.0,0.0,0.0,0.0,1.0,0.0,0.0,0.0,1.0,1,0.0,0.0,0.0,0.0,0.0,1.0,0.0,0.0,1.0,0,1.0
POLISARIO,Popular Front for the Liberation of Saguia el Hamra and Rio de Oro,"Western Sahara, Morocco",Government of Morocco,563.0,98.0,2.0,2.0,3.0,1.0,4.0,4.0,4.0,1.0,4.0,4.0,4.0,1.0,1,0.0,1.0,0.0,1.0,1.0,1.0,1.0,0.0,1.0,0,0.0
PRC,Popular Resistance Committees,"Palestine, Israel",Government of Israel,212.0,629.0,0.0,0.0,0.0,1.0,0.0,0.0,0.0,1.0,0.0,0.0,0.0,1.0,1,0.0,1.0,1.0,0.0,0.0,0.0,1.0,1.0,0.0,0,1.0
PREPAK,People's Revolutionary Party of Kangleipak,India,Government of India,318.0,766.0,0.0,0.0,0.0,1.0,0.0,0.0,0.0,1.0,0.0,0.0,0.0,0.0,1,0.0,0.0,0.0,0.0,0.0,1.0,1.0,0.0,0.0,0,0.0
PSLF/TNLF/A,Palaung State Liberation Front/Ta'ang National Liberation Force/Army,Myanmar (Burma),Government of Myanmar (Burma),5965.0,14273.0,1.0,1.0,2.0,1.0,0.0,0.0,0.0,1.0,0.0,0.0,0.0,1.0,1,0.0,1.0,0.0,1.0,0.0,1.0,1.0,0.0,1.0,0,0.0
PUK,Patriotic Union of Kurdistan,Iraq,Government of Iraq,261.0,285.0,2.0,2.0,2.0,1.0,3.0,3.0,4.0,1.0,3.0,2.0,3.0,1.0,1,0.0,1.0,1.0,1.0,0.0,1.0,1.0,0.0,1.0,0,0.0
PULF,People's United Liberation Front,India,Government of India,369.0,772.0,0.0,0.0,0.0,0.0,0.0,0.0,0.0,1.0,0.0,0.0,0.0,1.0,1,0.0,0.0,0.0,0.0,0.0,0.0,1.0,0.25956284153005466,0.38524590163934425,0,1.0
PWG,People's War Group,India,Government of India,193.0,405.0,4.0,4.0,1.0,1.0,4.0,3.0,4.0,1.0,3.0,3.0,3.0,1.0,1,0.0,1.0,1.0,1.0,0.0,1.0,1.0,1.0,1.0,0,0.0
PYD,Democratic Union Party,Syria,Government of Syria,4163.0,13821.0,4.0,4.0,4.0,1.0,4.0,4.0,4.0,1.0,4.0,4.0,4.0,1.0,1,0.0,1.0,1.0,1.0,0.0,1.0,1.0,1.0,1.0,0,0.0
RAFD,Rally of Democratic Forces,Chad,Government of Chad,454.0,633.0,0.0,0.0,0.0,0.0,0.0,0.0,0.0,0.0,0.0,0.0,0.0,0.0,0,0.0,0.0,0.0,0.0,0.0,0.0,0.0,0.0,0.0,0,0.27848101265822783
RCD,Congolese Rally for Democracy,DR Congo (Zaire),Government of DR Congo (Zaire),424.0,40.0,0.0,0.0,0.0,1.0,0.0,0.0,0.0,1.0,0.0,0.0,0.0,1.0,1,0.0,0.0,0.0,0.0,0.0,0.0,1.0,0.0,1.0,0,0.0
RCSS/SSA-South,Restoration Council of Shan State,Myanmar (Burma),Government of Myanmar (Burma),256.0,307.0,1.0,0.0,1.0,1.0,0.0,0.0,0.0,1.0,0.0,0.0,0.0,0.0,1,0.0,0.0,0.0,0.0,0.0,1.0,1.0,0.0,0.0,0,1.0
Rejectionist Front,Rejectionist Front,"Palestine, Israel",Government of Israel,1067.0,780.0,2.0,2.0,3.0,1.0,4.0,4.0,4.0,1.0,2.0,2.0,3.0,1.0,1,0.0,1.0,0.0,1.0,1.0,1.0,1.0,0.0,1.0,0,0.0
Renamo,Mozambican National Resistance,Mozambique,Government of Mozambique,498.0,99.0,2.0,1.0,2.0,1.0,3.0,3.0,3.0,1.0,2.0,2.0,2.0,1.0,1,0.0,1.0,0.0,1.0,1.0,1.0,1.0,1.0,1.0,0,0.0
Republic of Abkhazia,Republic of Abkhazia,Georgia,Government of Georgia,342.0,259.0,2.0,1.0,2.0,1.0,3.0,2.0,4.0,1.0,2.0,2.0,3.0,1.0,1,0.0,1.0,0.0,1.0,1.0,1.0,1.0,0.0,1.0,0,0.0
Republic of Biafra,Republic of Biafra,Nigeria,Government of Nigeria,462.0,528.0,2.0,1.0,2.0,1.0,3.0,2.0,4.0,1.0,0.0,0.0,0.0,0.0,1,0.0,1.0,0.0,1.0,1.0,1.0,1.0,0.0,0.0,0,0.0
Republic of Croatia,Republic of Croatia,Croatia,Government of Serbia (Yugoslavia),337.0,272.0,2.0,1.0,2.0,1.0,2.0,2.0,3.0,1.0,0.0,0.0,0.0,0.0,1,0.0,0.0,0.0,0.0,0.0,1.0,1.0,0.0,0.0,0,0.0
Republic of Nagorno-Karabakh,Republic of Artsakh/Republic of Nagorno-Karabakh,Azerbaijan,Government of Azerbaijan,338.0,361.0,2.0,2.0,2.0,1.0,3.0,3.0,4.0,1.0,2.0,2.0,2.0,1.0,1,0.0,1.0,1.0,1.0,0.0,1.0,1.0,1.0,1.0,0,0.0
Republic of Slovenia,Republic of Slovenia,Slovenia,Government of Serbia (Yugoslavia),336.0,281.0,0.0,0.0,0.0,1.0,0.0,0.0,0.0,0.0,0.0,0.0,0.0,1.0,1,0.0,0.0,0.0,0.0,0.0,0.0,0.0,1.0,0.0,0,1.0
Republic of South Ossetia,Republic of South Ossetia,Georgia,Government of Georgia,343.0,297.0,0.0,0.0,0.0,0.0,0.0,0.0,0.0,1.0,0.0,0.0,0.0,1.0,1,0.0,1.0,0.0,1.0,1.0,0.0,1.0,0.0,1.0,0,0.0
Republic of South Sudan,Republic of South Sudan,Sudan,Government of Sudan,1129.0,815.0,0.0,0.0,0.0,0.0,3.0,3.0,4.0,1.0,3.0,2.0,4.0,1.0,1,0.0,1.0,0.0,1.0,0.0,1.0,1.0,0.0,1.0,0,0.0
R√©sistance Arm√©e Tunisienne,Tunisian Resistance Army,Tunisia,Government of Tunisia,511.0,551.0,0.0,0.0,0.0,0.0,0.0,0.0,0.0,0.0,0.0,0.0,0.0,0.0,0,0.0,0.0,0.0,0.0,0.0,0.0,0.0,0.0,0.0,0,0.27848101265822783
Revolutionary Forces of 1 April,Revolutionary Forces of 1 April,Chad,Government of Chad,443.0,18.0,0.0,0.0,0.0,0.0,0.0,0.0,0.0,0.0,0.0,0.0,0.0,0.0,0,0.0,0.0,0.0,0.0,0.0,0.0,0.0,0.0,0.0,0,0.27848101265822783
RFDG,Rally of Democratic Forces of Guinea,Guinea,Government of Guinea,463.0,57.0,0.0,0.0,0.0,0.0,0.0,0.0,0.0,0.0,0.0,0.0,0.0,0.0,0,0.0,0.0,0.0,0.0,0.0,0.0,0.0,0.0,0.0,0,0.27848101265822783
RIRA,Real Irish Republican Army,United Kingdom,Government of United Kingdom,283.0,248.0,0.0,0.0,0.0,1.0,0.0,0.0,0.0,1.0,0.0,0.0,0.0,1.0,1,0.0,0.0,0.0,0.0,0.0,1.0,1.0,1.0,1.0,0,0.0
RJF,Islamic Army of Iraq,Iraq,Government of Iraq,235.0,578.0,0.0,0.0,0.0,0.0,0.0,0.0,0.0,0.0,0.0,0.0,0.0,0.0,0,0.0,0.0,0.0,0.0,0.0,0.0,0.0,0.0,0.0,0,0.0
Royalists,Royalists,Yemen (North Yemen),Government of Yemen (North Yemen),198.0,616.0,0.0,0.0,0.0,0.0,0.0,0.0,0.0,0.0,0.0,0.0,0.0,0.0,0,0.0,0.0,0.0,0.0,0.0,0.0,0.0,0.0,0.0,0,0.27848101265822783
RPF,Rohingya Patriotic Front,Myanmar (Burma),Government of Myanmar (Burma),1068.0,794.0,0.0,0.0,0.0,0.0,0.0,0.0,0.0,0.0,0.0,0.0,0.0,0.0,0,0.0,0.0,0.0,0.0,0.0,0.0,0.0,0.0,0.0,0,0.27848101265822783
RSO,Rohingya Solidarity Organisation,Myanmar (Burma),Government of Myanmar (Burma),187.0,312.0,0.0,0.0,0.0,0.0,0.0,0.0,0.0,0.0,0.0,0.0,0.0,0.0,0,0.0,0.0,0.0,0.0,0.0,0.0,0.0,0.0,0.0,0,0.27848101265822783
RUF,Revolutionary United Front,Sierra Leone,Government of Sierra Leone,532.0,130.0,3.0,2.0,4.0,1.0,4.0,4.0,4.0,1.0,3.0,2.0,3.0,1.0,1,0.0,1.0,1.0,1.0,1.0,1.0,1.0,1.0,1.0,0,0.0
SALF,Somali Abo Liberation Front,Ethiopia,Government of Ethiopia,1054.0,796.0,0.0,0.0,0.0,0.0,0.0,0.0,0.0,0.0,0.0,0.0,0.0,0.0,0,0.0,0.0,0.0,0.0,0.0,0.0,0.0,0.0,0.0,0,0.27848101265822783
SARC,Sudanese Awakening Revolutionary Council,Sudan,Government of Sudan,5849.0,14134.0,0.0,0.0,0.0,0.0,0.0,0.0,0.0,0.0,0.0,0.0,0.0,0.0,0,0.0,0.0,0.0,0.0,0.0,0.0,0.0,0.0,0.0,0,0.27848101265822783
SCIRI,Supreme Council for Islamic Revolution in Iraq,Iraq,Government of Iraq,231.0,298.0,0.0,0.0,0.0,0.0,0.0,0.0,0.0,0.0,0.0,0.0,0.0,0.0,0,0.0,0.0,0.0,0.0,0.0,0.0,0.0,0.0,0.0,0,0.27848101265822783
Seleka,Seleka,Central African Republic,Government of Central African Republic,1159.0,832.0,2.0,1.0,2.0,1.0,2.0,2.0,3.0,1.0,0.0,0.0,0.0,0.0,1,0.0,0.0,0.0,0.0,0.0,0.0,1.0,0.0,0.0,0,0.0
Serbian Republic of Bosnia-Herzegovina,Serbian Republic of Bosnia-Herzegovina,Bosnia-Herzegovina,Government of Bosnia-Herzegovina,339.0,292.0,1.0,1.0,1.0,1.0,0.0,0.0,0.0,1.0,0.0,0.0,0.0,1.0,1,0.0,0.0,0.0,0.0,0.0,0.0,1.0,1.0,1.0,0,0.0
Serbian Republic of Krajina,Serbian Republic of Krajina,Croatia,Government of Croatia,340.0,303.0,0.0,0.0,0.0,1.0,0.0,0.0,0.0,1.0,0.0,0.0,0.0,0.0,1,0.0,0.0,0.0,0.0,0.0,0.0,1.0,0.0,0.0,0,1.0
Shining Path,Shining Path,Peru,Government of Peru,750.0,235.0,4.0,4.0,4.0,1.0,4.0,4.0,4.0,1.0,4.0,4.0,4.0,1.0,1,1.0,1.0,0.0,1.0,1.0,1.0,1.0,1.0,1.0,0,0.0
Signed-in-Blood Battalion,Signed-in-Blood Battalion,Mali,Government of Mali,3481.0,865.0,0.0,0.0,0.0,0.0,0.0,0.0,0.0,0.0,0.0,0.0,0.0,0.0,0,0.0,0.0,0.0,0.0,0.0,0.0,0.0,0.0,0.0,0,0.27848101265822783
Sikh insurgents,Sikh insurgents,India,Government of India,319.0,387.0,2.0,1.0,2.0,1.0,3.0,3.0,4.0,1.0,1.0,1.0,1.0,1.0,1,0.0,1.0,1.0,1.0,1.0,1.0,1.0,1.0,1.0,0,0.0
SLA,Suriname National Liberation Army,Suriname,Government of Suriname,760.0,559.0,0.0,0.0,0.0,0.0,0.0,0.0,0.0,0.0,0.0,0.0,0.0,0.0,0,0.0,0.0,0.0,0.0,0.0,0.0,0.0,0.0,0.0,0,0.27848101265822783
SLM,Sidama Liberation Movement,Ethiopia,Government of Ethiopia,1055.0,791.0,0.0,0.0,0.0,0.0,0.0,0.0,0.0,0.0,0.0,0.0,0.0,0.0,0,0.0,0.0,0.0,0.0,0.0,0.0,0.0,0.0,0.0,0,0.27848101265822783
SLM/A,Sudan Liberation Movement/Army,Sudan,Government of Sudan,469.0,433.0,0.0,0.0,0.0,1.0,0.0,0.0,0.0,1.0,0.0,0.0,0.0,1.0,1,0.0,1.0,0.0,1.0,0.0,1.0,1.0,1.0,1.0,0,0.0
SLM/A-MM,Sudan Liberation Movement/Army- Minni Minawi faction,Sudan,Government of Sudan,471.0,631.0,0.0,0.0,0.0,0.0,0.0,0.0,0.0,0.0,0.0,0.0,0.0,0.0,0,0.0,0.0,0.0,0.0,0.0,0.0,0.0,0.0,0.0,1,0.27848101265822783
SLM/A-Unity,Sudan Liberation Movement/Army- Unity faction,Sudan,Government of Sudan,472.0,648.0,0.0,0.0,0.0,0.0,0.0,0.0,0.0,0.0,0.0,0.0,0.0,0.0,0,0.0,0.0,0.0,0.0,0.0,0.0,0.0,0.0,0.0,0,0.27848101265822783
SNM,Somali National Movement,Somalia,Government of Somalia,500.0,207.0,1.0,1.0,2.0,1.0,3.0,2.0,3.0,1.0,0.0,0.0,0.0,0.0,1,0.0,0.0,0.0,0.0,1.0,1.0,1.0,0.0,0.0,0,1.0
SPLM/A,Sudanese People's Liberation Movement/Army,Sudan,Government of Sudan,466.0,641.0,2.0,1.0,2.0,1.0,4.0,3.0,4.0,1.0,2.0,1.0,2.0,1.0,1,0.0,1.0,1.0,1.0,1.0,1.0,1.0,0.0,1.0,1,0.0
SPLM/A- In Opposition,Sudanese People's Liberation Movement/Army - In Opposition,South Sudan,Government of South Sudan,4226.0,859.0,1.0,1.0,2.0,1.0,4.0,3.0,4.0,1.0,3.0,3.0,4.0,1.0,1,0.0,1.0,0.0,1.0,0.0,1.0,1.0,0.0,1.0,0,0.0
SPLM/A- North,Sudan People's Liberation Movement-North,Sudan,Government of Sudan,1123.0,812.0,0.0,0.0,0.0,0.0,3.0,3.0,4.0,1.0,0.0,0.0,0.0,0.0,1,0.0,1.0,0.0,1.0,0.0,1.0,1.0,0.0,0.0,1,1.0
SPM,Somali Patriotic Movement,Somalia,Government of Somalia,501.0,208.0,0.0,0.0,0.0,0.0,0.0,0.0,0.0,0.0,0.0,0.0,0.0,0.0,0,0.0,0.0,0.0,0.0,0.0,0.0,0.0,0.0,0.0,0,0.27848101265822783
SRF,Sudan Revolutionary Front,Sudan,Government of Sudan,1162.0,833.0,0.0,0.0,0.0,0.0,3.0,3.0,4.0,1.0,2.0,2.0,4.0,1.0,1,0.0,1.0,0.0,1.0,0.0,1.0,1.0,0.0,1.0,0,0.0
SRRC,Somali Reconciliation and Restoration Council,Somalia,Government of Somalia,504.0,212.0,0.0,0.0,0.0,0.0,0.0,0.0,0.0,0.0,0.0,0.0,0.0,0.0,0,0.0,0.0,0.0,0.0,0.0,0.0,0.0,0.0,0.0,0,0.27848101265822783
SSA,Shan State Army,Myanmar (Burma),Government of Myanmar (Burma),250.0,746.0,0.0,0.0,0.0,0.0,0.0,0.0,0.0,1.0,0.0,0.0,0.0,1.0,1,1.0,0.0,0.0,0.0,0.0,1.0,0.0,1.0,1.0,0,1.0
SSDF,Somali Salvation Democratic Front,Somalia,Government of Somalia,499.0,209.0,0.0,0.0,0.0,0.0,0.0,0.0,0.0,0.0,0.0,0.0,0.0,0.0,0,0.0,0.0,0.0,0.0,0.0,0.0,0.0,0.0,0.0,0,0.27848101265822783
SSDM/A,South Sudan Democratic Movement/Army,South Sudan,Government of South Sudan,1108.0,1051.5859078590786,0.0,0.0,0.0,0.0,0.0,0.0,0.0,0.0,0.0,0.0,0.0,0.0,0,0.0,0.0,0.0,0.0,0.0,0.0,0.0,0.0,0.0,0,0.27848101265822783
SSDM/A-Cobra,South Sudan Democratic Movement- Cobra faction,South Sudan,Government of South Sudan,3563.0,860.0,0.0,0.0,0.0,0.0,0.0,0.0,0.0,0.0,0.0,0.0,0.0,0.0,0,0.0,0.0,0.0,0.0,0.0,0.0,0.0,0.0,0.0,0,0.27848101265822783
SSLM,Anya Nya,Sudan,Government of Sudan,418.0,676.0,0.0,0.0,0.0,0.0,0.0,0.0,0.0,0.0,0.0,0.0,0.0,0.0,0,0.0,0.0,0.0,0.0,0.0,0.0,0.0,0.0,0.0,0,0.27848101265822783
SSLM/A,South Sudan Liberation Movement/Army,South Sudan,Government of South Sudan,1124.0,1051.5859078590786,0.0,0.0,0.0,0.0,0.0,0.0,0.0,0.0,0.0,0.0,0.0,0.0,0,0.0,0.0,0.0,0.0,0.0,0.0,0.0,0.0,0.0,0,0.27848101265822783
SSNLO,Shan State Nationalities Liberation Organization,Myanmar (Burma),Government of Myanmar (Burma),251.0,748.0,0.0,0.0,0.0,0.0,0.0,0.0,0.0,0.0,0.0,0.0,0.0,0.0,0,0.0,0.0,0.0,0.0,0.0,0.0,0.0,0.0,0.0,0,0.27848101265822783
SSPP/SSA-N,Shan State Progress Party,Myanmar (Burma),Government of Myanmar (Burma),1122.0,826.0,0.0,0.0,0.0,0.0,0.0,0.0,0.0,0.0,0.0,0.0,0.0,0.0,0,0.0,0.0,0.0,0.0,0.0,0.0,0.0,0.0,0.0,0,0.27848101265822783
SSRA,Shan State Revolutionary Army,Myanmar (Burma),Government of Myanmar (Burma),253.0,750.0,0.0,0.0,0.0,0.0,0.0,0.0,0.0,0.0,0.0,0.0,0.0,0.0,0,0.0,0.0,0.0,0.0,0.0,0.0,0.0,0.0,0.0,0,0.27848101265822783
Sultanate of Sulu,Sultanate of Sulu,Malaysia,Government of Malaysia,4006.0,861.0,0.0,0.0,0.0,0.0,0.0,0.0,0.0,0.0,0.0,0.0,0.0,0.0,0,0.0,0.0,0.0,0.0,0.0,0.0,0.0,0.0,0.0,0,0.27848101265822783
SURA,Shan United Revolutionary Army,Myanmar (Burma),Government of Myanmar (Burma),252.0,747.0,2.0,2.0,3.0,1.0,3.0,2.0,3.0,1.0,0.0,0.0,0.0,0.0,1,0.0,1.0,1.0,0.0,0.0,1.0,1.0,0.0,0.0,0,0.0
SWAPO,South West Africa People's Organization,South Africa,Government of South Africa,461.0,516.0,3.0,2.0,4.0,1.0,4.0,4.0,4.0,1.0,3.0,3.0,3.0,1.0,1,0.0,1.0,0.0,1.0,1.0,1.0,1.0,1.0,1.0,0,0.0
"Syrian insurgents (Free Syrian Army, FSA)","Syrian insurgents (Free Syrian Army, FSA)",Syria,Government of Syria,4456.0,867.0,1.0,1.0,2.0,1.0,3.0,2.0,4.0,1.0,0.0,0.0,0.0,0.0,1,0.0,1.0,1.0,0.0,1.0,1.0,1.0,0.0,0.0,0,0.0
"Syrian insurgents (Jahat al-Nusra, affiliates)","Syrian insurgents (Jabhat al-Nusra, affiliates)",Syria,Government of Syria,4456.1,867.2,1.0,1.0,2.0,1.0,2.0,2.0,3.0,1.0,1.0,1.0,1.0,1.0,1,0.0,1.0,1.0,0.0,1.0,1.0,1.0,1.0,0.0,0,0.0
Takfir wa'l Hijra,Exile and Redemption,Algeria,Government of Algeria,536.0,2.0,0.0,0.0,0.0,0.0,0.0,0.0,0.0,0.0,0.0,0.0,0.0,0.0,0,0.0,0.0,0.0,0.0,0.0,0.0,0.0,0.0,0.0,0,0.27848101265822783
Taleban,Taleban,Afghanistan,Government of Afghanistan,303.0,327.0,1.0,1.0,1.0,1.0,2.0,2.0,3.0,1.0,0.0,0.0,0.0,0.0,1,0.0,0.0,0.0,0.0,1.0,0.0,1.0,0.0,0.0,0,0.0
TELO,Tamil Eelam Liberation Organization,Sri Lanka,Government of Sri Lanka,321.0,526.0,0.0,0.0,0.0,0.0,0.0,0.0,0.0,0.0,0.0,0.0,0.0,0.0,0,0.0,0.0,0.0,0.0,0.0,0.0,0.0,0.0,0.0,0,0.27848101265822783
TNV,Tripura National Volunteers,India,Government of India,305.0,515.0,0.0,0.0,0.0,0.0,0.0,0.0,0.0,0.0,0.0,0.0,0.0,0.0,0,0.0,0.0,0.0,0.0,0.0,0.0,0.0,0.0,0.0,0,0.27848101265822783
TPLF,Tigray People's Liberation Front,Ethiopia,Government of Ethiopia,410.0,46.0,4.0,4.0,4.0,1.0,4.0,4.0,4.0,1.0,3.0,3.0,3.0,1.0,1,0.0,1.0,1.0,1.0,1.0,1.0,1.0,1.0,1.0,1,0.0
TRC,Tailand Revolutionary Council,Myanmar (Burma),Government of Myanmar (Burma),254.0,751.0,0.0,0.0,0.0,0.0,0.0,0.0,0.0,0.0,0.0,0.0,0.0,0.0,0,0.0,0.0,0.0,0.0,0.0,0.0,0.0,0.0,0.0,0,0.27848101265822783
TTP,Taleban Movement of Pakistan,Pakistan,Government of Pakistan,356.0,768.0,1.0,1.0,2.0,1.0,2.0,2.0,3.0,1.0,0.0,0.0,0.0,0.0,1,0.0,0.0,0.0,0.0,1.0,1.0,1.0,0.0,0.0,0,0.0
TTP-TA,Taleban Movement of Pakistan- Tariq Afridi faction,Pakistan,Government of Pakistan,1101.0,843.0,0.0,0.0,0.0,0.0,0.0,0.0,0.0,0.0,0.0,0.0,0.0,0.0,0,0.0,0.0,0.0,0.0,0.0,0.0,0.0,0.0,0.0,0,0.27848101265822783
UCK/KLA,Kosovo Liberation Army,Kosovo,Government of Serbia (Yugoslavia),357.0,295.0,1.0,1.0,2.0,1.0,2.0,2.0,2.0,1.0,2.0,1.0,2.0,1.0,1,0.0,0.0,0.0,0.0,0.0,0.0,1.0,1.0,1.0,0,0.0
UCK/NLA,National Liberation Army,"Macedonia, FYR","Government of Macedonia, FYR",361.0,341.0,1.0,1.0,2.0,1.0,2.0,2.0,2.0,1.0,0.0,0.0,0.0,0.0,1,0.0,0.0,0.0,0.0,0.0,0.0,1.0,0.0,0.0,0,1.0
UFDD,Union Force for Democracy and Development,Chad,Government of Chad,456.0,634.0,0.0,0.0,0.0,0.0,0.0,0.0,0.0,0.0,0.0,0.0,0.0,0.0,0,0.0,0.0,0.0,0.0,0.0,0.0,0.0,0.0,0.0,0,0.27848101265822783
UFDR,Union of Democratic Forces for Unity,Central African Republic,Government of Central African Republic,554.0,628.0,0.0,0.0,0.0,0.0,0.0,0.0,0.0,1.0,0.0,0.0,0.0,0.0,1,0.0,0.0,0.0,0.0,0.0,0.0,1.0,0.0,0.0,0,1.0
UFM,Uganda Freedom Movement,Uganda,Government of Uganda,485.0,575.0,0.0,0.0,0.0,1.0,0.0,0.0,0.0,0.0,0.0,0.0,0.0,0.0,1,0.0,0.0,0.0,0.0,0.0,0.0,0.0,0.0,0.0,0,1.0
UFR,Union of Forces for the Resistance,Chad,Government of Chad,1069.0,783.0,0.0,0.0,0.0,0.0,0.0,0.0,0.0,0.0,0.0,0.0,0.0,0.0,0,0.0,0.0,0.0,0.0,0.0,0.0,0.0,0.0,0.0,0,0.27848101265822783
UFRA,Union of Forces of the Armed Resistance,Niger,Government of Niger,526.0,762.0,0.0,0.0,0.0,0.0,0.0,0.0,0.0,0.0,0.0,0.0,0.0,0.0,0,0.0,0.0,0.0,0.0,0.0,0.0,0.0,0.0,0.0,0,0.27848101265822783
UIFSA/Northern Alliance,United Islamic National Front for the Salvation of Afghanistan/Northern Alliance,Afghanistan,Government of Afghanistan,304.0,423.0,0.0,0.0,0.0,0.0,0.0,0.0,0.0,1.0,1.0,1.0,1.0,1.0,1,0.0,0.0,0.0,0.0,0.0,1.0,0.0,0.0,1.0,0,1.0
ULFA,United Liberation Front of Assam,India,Government of India,326.0,296.0,2.0,2.0,3.0,1.0,3.0,2.0,3.0,1.0,2.0,2.0,3.0,1.0,1,0.0,0.0,0.0,0.0,1.0,1.0,1.0,1.0,1.0,0,0.0
UNITA,National Union for the Total Independence of Angola,Angola,Government of Angola,567.0,7.0,2.0,1.0,2.0,1.0,3.0,2.0,4.0,1.0,2.0,2.0,3.0,1.0,1,0.0,1.0,1.0,1.0,1.0,1.0,1.0,1.0,1.0,0,0.0
United Armed Forces of Novorossiya,United Armed Forces of Novorossiya,Ukraine,Government of Ukraine,5914.0,14210.0,2.0,1.0,2.0,1.0,2.0,2.0,3.0,1.0,1.0,1.0,2.0,1.0,1,0.0,0.0,0.0,0.0,0.0,1.0,1.0,1.0,0.0,0,0.0
UNLF,United National Liberation Front,India,Government of India,315.0,336.0,0.0,0.0,0.0,1.0,0.0,0.0,0.0,1.0,0.0,0.0,0.0,1.0,1,0.0,1.0,0.0,1.0,1.0,1.0,1.0,0.0,1.0,0,1.0
UNLF,Uganda National Liberation Front,Uganda,Government of Uganda,479.0,556.0,0.0,0.0,0.0,0.0,0.0,0.0,0.0,0.0,0.0,0.0,0.0,0.0,0,0.0,0.0,0.0,0.0,0.0,0.0,0.0,0.0,0.0,0,0.27848101265822783
UNRF,Uganda National Rescue Front,Uganda,Government of Uganda,482.0,704.0,0.0,0.0,0.0,0.0,0.0,0.0,0.0,0.0,0.0,0.0,0.0,0.0,0,0.0,0.0,0.0,0.0,0.0,0.0,0.0,0.0,0.0,0,0.27848101265822783
UNRF II,Uganda National Rescue Front II,Uganda,Government of Uganda,491.0,431.0,0.0,0.0,0.0,0.0,0.0,0.0,0.0,0.0,0.0,0.0,0.0,0.0,0,0.0,0.0,0.0,0.0,0.0,0.0,0.0,0.0,0.0,0,0.27848101265822783
UPA,Uganda People's Army,Uganda,Government of Uganda,486.0,148.0,0.0,0.0,0.0,0.0,0.0,0.0,0.0,0.0,0.0,0.0,0.0,0.0,0,0.0,0.0,0.0,0.0,0.0,0.0,0.0,0.0,0.0,0,0.27848101265822783
UPDA,Ugandan People's Democratic Army,Uganda,Government of Uganda,484.0,706.0,0.0,0.0,0.0,1.0,0.0,0.0,0.0,1.0,0.0,0.0,0.0,0.0,1,0.0,0.0,0.0,0.0,0.0,0.0,0.0,0.0,0.0,0,1.0
URNG,Guatemalan National Revolutionary Unity,Guatemala,Government of Guatemala,732.0,228.0,3.0,3.0,3.0,1.0,4.0,4.0,4.0,1.0,2.0,2.0,3.0,1.0,1,0.0,1.0,0.0,1.0,1.0,1.0,1.0,1.0,1.0,0,0.0
USC/SNA,United Somali Congress/Somali National Alliance,Somalia,Government of Somalia,503.0,211.0,0.0,0.0,0.0,0.0,0.0,0.0,0.0,1.0,2.0,1.0,3.0,1.0,1,0.0,1.0,0.0,1.0,0.0,1.0,1.0,0.0,1.0,0,0.0
USC/SSA,United Somali Congress/Somali Salvation Alliance,Somalia,Government of Somalia,502.0,210.0,0.0,0.0,0.0,0.0,0.0,0.0,0.0,1.0,0.0,0.0,0.0,1.0,1,0.0,1.0,0.0,1.0,0.0,0.0,1.0,0.0,1.0,0,0.0
UTO,United Tajik Opposition,Tajikistan,Government of Tajikistan,345.0,353.0,0.0,0.0,0.0,0.0,0.0,0.0,0.0,0.0,0.0,0.0,0.0,0.0,0,0.0,0.0,0.0,0.0,0.0,0.0,0.0,0.0,0.0,0,0.27848101265822783
UWSA,United Wa State Army,Myanmar (Burma),Government of Myanmar (Burma),364.0,321.0,2.0,1.0,2.0,1.0,3.0,2.0,3.0,1.0,2.0,2.0,3.0,1.0,1,0.0,1.0,1.0,1.0,0.0,1.0,0.0,0.0,1.0,0,0.0
Wahhabi movement of the Buinaksk district (Republic of Dagestan),Wahhabi movement of the Buinaksk district (Republic of Dagestan),Russia (Soviet Union),Government of Russia (Soviet Union),358.0,368.0,0.0,0.0,0.0,1.0,0.0,0.0,0.0,0.0,0.0,0.0,0.0,0.0,1,0.0,0.0,0.0,0.0,0.0,0.0,0.0,0.0,0.0,0,1.0
WNBF,West Nile Bank Front,Uganda,Government of Uganda,490.0,152.0,0.0,0.0,0.0,1.0,0.0,0.0,0.0,0.0,1.0,1.0,2.0,1.0,1,0.0,1.0,,,0.0,0.0,0.0,1.0,0.0,0,1.0
WSB,West Side Boys,Sierra Leone,Government of Sierra Leone,535.0,714.0,0.0,0.0,0.0,1.0,0.0,0.0,0.0,1.0,0.0,0.0,0.0,0.0,1,0.0,0.0,0.0,0.0,0.0,0.0,1.0,0.0,0.0,0,0.0
WSLF,Western Somali Liberation Front,Ethiopia,Government of Ethiopia,496.0,522.0,2.0,1.0,2.0,1.0,3.0,3.0,4.0,1.0,1.0,1.0,2.0,1.0,1,0.0,1.0,0.0,1.0,0.0,0.0,1.0,1.0,0.0,0,1.0
Yemenite Socialist Party - Abdul Fattah Ismail,Yemenite Socialist Party - Abdul Fattah Ismail faction,South Yemen,Government of South Yemen,324.0,564.0,0.0,0.0,0.0,0.0,0.0,0.0,0.0,0.0,0.0,0.0,0.0,0.0,0,0.0,0.0,0.0,0.0,0.0,0.0,0.0,0.0,0.0,0,0.27848101265822783
ZANU,Zimbabwe African National Union,Zimbabwe (Rhodesia),Government of Zimbabwe (Rhodesia),493.0,560.0,3.0,3.0,4.0,1.0,4.0,4.0,4.0,1.0,3.0,2.0,3.0,1.0,1,0.0,1.0,1.0,1.0,1.0,1.0,1.0,1.0,1.0,1,0.0
ZAPU,Zimbabwe African People's Union,Zimbabwe (Rhodesia),Government of Zimbabwe (Rhodesia),492.0,565.0,2.0,2.0,2.0,1.0,3.0,3.0,4.0,1.0,2.0,2.0,3.0,1.0,1,0.0,1.0,1.0,1.0,0.0,1.0,1.0,1.0,1.0,1,0.0
Zintan Brigades,Zintan Brigades,Libya,Government of Libya,5940.0,14249.0,0.0,0.0,0.0,0.0,0.0,0.0,0.0,0.0,0.0,0.0,0.0,0.0,0,0.0,0.0,0.0,0.0,0.0,0.0,0.0,0.0,0.0,0,0.27848101265822783
Zviadists,Zviadists,Georgia,Government of Georgia,333.0,289.0,0.0,0.0,0.0,0.0,0.0,0.0,0.0,1.0,0.0,0.0,0.0,0.0,1,0.0,0.0,0.0,0.0,1.0,1.0,0.0,0.0,0.0,0,1.0
